t,i,omega
0.0,0.0,0.0
0.002,0.023952032001272,0.0002396641768063
0.004,0.0478082560235382,0.0009573148288483
0.006,0.0715688641241496,0.0021509423207373
0.008,0.0952340483930443,0.0038185412599823
0.01,0.11880400095191,0.0059581104969957
0.012,0.1422789137682457,0.0085676531924925
0.014,0.1656589777958114,0.0116451771547934
0.016,0.1889443853336845,0.0151886939930331
0.018,0.2121353289659374,0.0191962194518055
0.02,0.2352320012623876,0.0236657735154349
0.022,0.2582345947785979,0.028595380407977
0.024,0.2811433020558764,0.0339830685932181
0.026,0.3039583156212767,0.0398268707746752
0.028,0.3266798279875971,0.0461248238955964
0.03,0.3493080316533816,0.0528749691389606
0.032,0.3718431191029197,0.0600753519274776
0.034,0.3942852828062455,0.067724021923588
0.036,0.4166347152191388,0.0758190330294632
0.038,0.4388916087831248,0.0843584433870055
0.04,0.4610561559254735,0.0933403153778482
0.042,0.4831285490592007,0.1027627156233553
0.044,0.5051089805830671,0.1126237149846216
0.046,0.5269976428815789,0.1229213885624731
0.048,0.5487947283249872,0.1336538156974662
0.05,0.5705004292692892,0.1448190799698885
0.052,0.5921149380562261,0.1564152691997584
0.054,0.6136384470132854,0.1684404754468249
0.056,0.6350711484536997,0.1808927950105682
0.058,0.6564132346764464,0.1937703284301993
0.06,0.6776648979662487,0.2070711804846599
0.062,0.6988263305935751,0.2207934601926226
0.064,0.7198977248146388,0.2349352808124911
0.066,0.7408792728713989,0.2494947598423995
0.068,0.7617711669915588,0.2644700190202132
0.07,0.7825735993885687,0.2798591843235282
0.072,0.8032867622616229,0.2956603859696715
0.074,0.8239108477956609,0.3118717584157008
0.076,0.8444460481613687,0.3284914403584049
0.078,0.8648925555151759,0.3455175747343034
0.08,0.885250561999259,0.3629483087196464
0.082,0.9055202597415384,0.3807817937304155
0.084,0.9257018408556807,0.3990161854223225
0.086,0.9457954974410973,0.4176496436908105
0.088,0.9658014208662828,0.4366803322600622
0.09,0.9857198000479004,0.4561064175190834
0.092,1.0055508272286156,0.4759260717473755
0.094,1.0252946950365276,0.4961374716456904
0.096,1.0449515960115885,0.516738798078133
0.098,1.064521722605603,0.537728236072162
0.1,1.0840052671822284,0.5591039748185884
0.102,1.103402422016975,0.5808642076715769
0.104,1.122713379297205,0.6030071321486452
0.106,1.141938331122134,0.625530949930664
0.108,1.1610774695028303,0.6484338668618577
0.11,1.1801309863622145,0.6717140929498032
0.112,1.1990990735350595,0.6953698423654309
0.114,1.217981922767992,0.7193993334430242
0.116,1.2367797257194904,0.74380078868022
0.118,1.2554926739598862,0.7685724347380078
0.12,1.2741209589713631,0.7937125024407305
0.122,1.292664772147958,0.8192192267760845
0.124,1.3111243047955607,0.8450908468951188
0.126,1.3294997481319129,0.8713256061122361
0.128,1.3477912932866092,0.8979217519051916
0.13,1.3659991313010973,0.9248775359150944
0.132,1.384123453128677,0.952191213946406
0.134,1.4021644496345012,0.9798610459669416
0.136,1.4201223115955752,1.0078852961078693
0.138,1.4379972297007573,1.0362622326637108
0.14,1.455789394550758,1.06499012809234
0.142,1.473498996658141,1.094067259014985
0.144,1.4911262264473222,1.123491906216226
0.146,1.5086712742545698,1.1532623546439975
0.148,1.5261343303280062,1.1833768934095867
0.15,1.5435155848276052,1.2138338157876336
0.152,1.5608152278251932,1.244631419216132
0.154,1.57803344930445,1.2757680052964275
0.156,1.5951704391609076,1.307241879793221
0.158,1.6122263872019509,1.3390513526345649
0.16,1.629201483146817,1.3711947379118643
0.162,1.6460959166265954,1.4036703538798798
0.164,1.6629098771842306,1.4364765229567231
0.166,1.6796435542745167,1.4696115717238605
0.168,1.6962971372641025,1.503073830926109
0.17,1.7128708154314882,1.5368616354716416
0.172,1.7293647779670276,1.570973324431983
0.174,1.7457792139729271,1.605407241042011
0.176,1.7621143124632448,1.6401617326999574
0.178,1.7783702623638926,1.6752351509674062
0.18,1.7945472525126347,1.7106258515692956
0.182,1.8106454716590876,1.7463321943939154
0.184,1.826665108464721,1.7823525434929102
0.186,1.8426063515028568,1.818685267081277
0.188,1.8584693892586703,1.8553287375373653
0.19,1.874254410129189,1.8922813314028797
0.192,1.889961602423292,1.9295414293828752
0.194,1.9055911543617132,1.9671074163457625
0.196,1.921143254077038,2.004977681323304
0.198,1.9366180881866704,2.043150612999823
0.2,1.952015841830324,2.081624598650988
0.202,1.967336703491752,2.120398039530479
0.204,1.982580861627276,2.159469341257756
0.206,1.997748504535042,2.198836913424313
0.208,2.0128398203550164,2.2384991695936813
0.21,2.027854997068988,2.2784545273014283
0.212,2.0427942225005684,2.3187014080551585
0.214,2.057657684315192,2.3592382373345138
0.216,2.072445570020113,2.400063444591171
0.218,2.087158066964412,2.441175463248844
0.22,2.101795362338988,2.4825727307032834
0.222,2.116357643176562,2.5242536883222773
0.224,2.1308450963516816,2.5662167814456485
0.226,2.145257908580713,2.6084604593852587
0.228,2.159596266421845,2.6509831754250035
0.23,2.17386035627509,2.693783386820817
0.232,2.188050364382281,2.73685955480067
0.234,2.202166476827075,2.780210144564568
0.236,2.2162088795349493,2.823833625284555
0.238,2.2301777582732054,2.867728470104711
0.24,2.244073298650965,2.911893156141151
0.242,2.257895686119175,2.956326164482031
0.244,2.271645105970601,3.0010259801875376
0.246,2.2853217433398334,3.045991092289899
0.248,2.298925783203284,3.091219993793376
0.25,2.3124574103791864,3.1367111816742703
0.252,2.3259168095275973,3.182463156880916
0.254,2.3393041651503945,3.228474424333686
0.256,2.35261966159128,3.274743492924989
0.258,2.3658634830357754,3.321268875519271
0.26,2.379035813511227,3.3680490889530152
0.262,2.392136836886802,3.4150826540347383
0.264,2.4051667368734897,3.4623680955449974
0.266,2.418125697024103,3.509903942236384
0.268,2.431013900733276,3.557688726833525
0.27,2.443831531237464,3.605720986033088
0.272,2.4565787716149465,3.653999260503773
0.274,2.469255804785824,3.7025220948863184
0.276,2.4818628135120213,3.7512880377935
0.278,2.494399980397282,3.800295641810127
0.28,2.506867487887175,3.84954346349305
0.282,2.5192655182690893,3.899030063371152
0.284,2.5315942536722376,3.9487540059453545
0.286,2.543853876067654,3.998713859688615
0.288,2.5560445672681955,4.048908197045927
0.29,2.568166508928541,4.099335594434321
0.292,2.580219882545191,4.149994632242867
0.294,2.59220486945647,4.200883894832668
0.296,2.604121650842523,4.252001970536863
0.298,2.6159704077253183,4.303347451660631
0.3,2.6277513209686454,4.354918934481184
0.302,2.6394645712781166,4.406715019247773
0.304,2.6511103392011672,4.458734310181686
0.306,2.662688805127053,4.510975415476244
0.308,2.674200149286855,4.563436947296811
0.31,2.6856445517534726,4.616117521780778
0.312,2.69702219244163,4.669015759037582
0.314,2.7083332511078733,4.722130283148691
0.316,2.719577907350571,4.775459722167613
0.318,2.730756340609912,4.829002708119891
0.32,2.74186873016791,4.882757877003101
0.322,2.752915255148399,4.936723868786864
0.324,2.763896094517037,4.990899327412828
0.326,2.774811425788036,5.045282889610925
0.328,2.785661426110684,5.099873191046963
0.33,2.7964462746480403,5.154668888072808
0.332,2.807166150371881,5.209668640880163
0.334,2.8178212320424705,5.264871113336254
0.336,2.8284116982085585,5.320274972983834
0.338,2.838937727207384,5.375878891041182
0.34,2.849399497164671,5.431681542402103
0.342,2.859797185994632,5.487681605635926
0.344,2.870130971399965,5.5438777629875045
0.346,2.880401030871858,5.600268700377221
0.348,2.890607541689983,5.65685310740098
0.35,2.9007506809225005,5.713629677330213
0.352,2.9108306254260574,5.770597107111877
0.354,2.9208475518457897,5.827754097368457
0.356,2.9308016366153176,5.885099352397957
0.358,2.94069305595675,5.942631580173914
0.36,2.9505219858806826,6.000349492345386
0.362,2.9602886021861985,6.058251804236955
0.364,2.969993080460867,6.116337234848733
0.366,2.979635596080745,6.174604506856356
0.368,2.989216324210377,6.233052346610982
0.37,2.998735439802794,6.291679484139301
0.372,3.0081931175995136,6.350484653143523
0.374,3.017589532130541,6.409466591001386
0.376,3.02692485771437,6.468624038766151
0.378,3.036199268457978,6.527955741166609
0.38,3.045412938256832,6.587460446607071
0.382,3.054566040794886,6.647136907167379
0.384,3.0636587495445804,6.706983878602897
0.386,3.072691237766843,6.767000120344514
0.388,3.081663678511088,6.827184395498648
0.39,3.0905762446152174,6.887535470847238
0.392,3.0994291087056203,6.9480521168477525
0.394,3.108222443197173,7.008733107633184
0.396,3.1169564202932376,7.069577221012047
0.398,3.125631211985665,7.130583238468388
0.4,3.134246990054792,7.191749945161776
0.402,3.142803926069443,7.253076129927303
0.404,3.1513021913869297,7.31456058527559
0.406,3.1597419571530496,7.376202107392782
0.408,3.168123394302089,7.437999496140549
0.41,3.176446673556821,7.499951555056089
0.412,3.1847119654285034,7.562057091352122
0.414,3.192919440216885,7.624314915916896
0.416,3.201069268010197,7.686723843314184
0.418,3.2091616186851635,7.74928269178328
0.42,3.21719666190699,7.811990283239013
0.422,3.225174567129373,7.874845443271731
0.424,3.2330955035944933,7.937847001147309
0.426,3.240959640333021,8.000993789807143
0.428,3.248767146164112,8.064284645868165
0.43,3.2565181896954094,8.12771840962282
0.432,3.264212939323044,8.191293925039089
0.434,3.2718515632316336,8.25501003976047
0.436,3.279434229394282,8.318865605105998
0.438,3.286961105572581,8.382859476070216
0.44,3.29443235931661,8.44699051132321
0.442,3.3018481579649337,8.511257573210582
0.444,3.3092086686446054,8.575659527753459
0.446,3.3165140582711654,8.640195244648499
0.448,3.3237644935486403,8.704863597267881
0.45,3.3309601409695446,8.769663462659313
0.452,3.338101166814879,8.834593721546025
0.454,3.345187737154132,8.899653258326772
0.456,3.352220017845278,8.96484096107584
0.458,3.3591981745347805,9.030155721543036
0.46,3.366122372657589,9.095596435153691
0.462,3.372992777335181,9.16116199902673
0.464,3.379809552339011,9.226851288836064
0.466,3.3865728625752896,9.292663203732896
0.468,3.3932828732108336,9.35859665521569
0.47,3.3999397491664123,9.42465055808342
0.472,3.40654365511675,9.490823830435556
0.474,3.4130947554905244,9.557115393672063
0.476,3.4195932144703685,9.62352417249341
0.478,3.426039195992869,9.69004909490056
0.48,3.432432863748566,9.75668909219498
0.482,3.438774381181955,9.823443098978634
0.484,3.4450639114914856,9.890310053153986
0.486,3.451301617629561,9.957288895923996
0.488,3.4574876623025386,10.024378571792123
0.49,3.4636222079707304,10.091578028562331
0.492,3.4697054168484027,10.15888621733908
0.494,3.475737450903776,10.22630209252732
0.496,3.481718471859024,10.293824611832518
0.498,3.4876486411902765,10.361452736260622
0.5,3.493528120127616,10.429185430118087
0.502,3.499357069655079,10.497021661011877
0.504,3.505135650510657,10.56496039984943
0.506,3.510864023186297,10.633000620838708
0.508,3.516542347927898,10.701141301488155
0.51,3.522170784735313,10.769381422606733
0.512,3.5277494933623514,10.837719968303876
0.514,3.533278633316775,10.90615592598954
0.516,3.5387583638603006,10.97468828637417
0.518,3.544188844008599,11.043316043468712
0.52,3.549570232531296,11.112038194584612
0.522,3.5549026879519694,11.180853740333813
0.524,3.5601863685481536,11.249761684628757
0.526,3.565421432351336,11.318761034682383
0.528,3.5706080371469597,11.387850801008138
0.53,3.5757463404744185,11.45702999741996
0.532,3.5808364996270643,11.526297641032285
0.534,3.585878671652201,11.59565275226005
0.536,3.590873013351088,11.665094354818695
0.538,3.595819681278938,11.734621475724158
0.54,3.600718831744917,11.804233145292867
0.542,3.605570620812148,11.87392839714176
0.544,3.610375204297706,11.943706268188272
0.546,3.61513273777262,12.01356579865033
0.548,3.619843376561876,12.083506032046364
0.55,3.62450727574441,12.153526015195313
0.552,3.6291245901531153,12.223624798216592
0.554,3.6336954743748384,12.293801434530138
0.556,3.638220082750381,12.364054980856377
0.558,3.6426985693744967,12.434384497216232
0.56,3.647131088095896,12.50478904693113
0.562,3.651517792517241,12.575267696622994
0.5640000000000001,3.655858835995151,12.645819516214244
0.5660000000000001,3.660154371640196,12.716443578927803
0.5680000000000001,3.664404552316904,12.787138961287097
0.5700000000000001,3.6686095306437543,12.85790474311604
0.5720000000000001,3.6727694589931823,12.928740007539052
0.5740000000000001,3.676884489491576,12.999643840981047
0.5760000000000001,3.680954774019278,13.07061533316745
0.578,3.6849804642105854,13.141653577124169
0.58,3.6889617114537514,13.21275766917762
0.582,3.692898666890978,13.28392670895472
0.584,3.696791481418429,13.355159799382884
0.586,3.700640305686216,13.426456046690015
0.588,3.7044452900984073,13.497814560404532
0.59,3.708206584813026,13.56923445335534
0.592,3.711924339742049,13.640714841671848
0.594,3.715598704551406,13.712254844783963
0.596,3.719229828660983,13.783853585422094
0.598,3.7228178612446183,13.855510189617146
0.6,3.726362951230107,13.927223786700525
0.602,3.729865247299196,13.998993509304126
0.604,3.7333248978875857,14.070818493360363
0.606,3.736742051184934,14.142697878102132
0.608,3.740116855074176,14.214630798720714
0.61,3.743449457154104,14.28661636675145
0.612,3.746740005293507,14.35865372914254
0.614,3.7499886471531583,14.430742040481102
0.616,3.753195530131182,14.502880458224343
0.618,3.7563608013630554,14.575068142699562
0.62,3.759484607721604,14.64730425710414
0.622,3.7625670958170105,14.719587967505555
0.624,3.7656084119968063,14.791918442841366
0.626,3.768608702345876,14.864294854919226
0.628,3.771568112686455,14.936716378416872
0.63,3.774486788578131,15.009182190882138
0.632,3.777364875317845,15.081691472732937
0.634,3.780202517939888,15.154243407257276
0.636,3.782999861215904,15.226837180613252
0.638,3.785757049654889,15.299471981829049
0.64,3.78847422750319,15.372147002802938
0.642,3.7911515387445074,15.44486143830328
0.644,3.7937891270998927,15.51761448596853
0.646,3.7963871360277497,15.590405346307222
0.648,3.7989457087238327,15.663233222697984
0.65,3.8014649881212503,15.736097321389536
0.652,3.803945116890462,15.808996851500684
0.654,3.806386237439278,15.881931025020318
0.656,3.8087884919128623,15.954899056807424
0.658,3.81115202219373,16.027900164591074
0.66,3.813476969901748,16.100933568970426
0.662,3.815763476394136,16.17399849341473
0.664,3.818011682765464,16.247094164263327
0.666,3.820221729847656,16.320219810725643
0.668,3.822393758209986,16.393374664881193
0.67,3.8245279081590815,16.466557961679584
0.672,3.826624319738921,16.539768938940504
0.674,3.828683132730836,16.61300683735374
0.676,3.830704486653508,16.686270900479162
0.678,3.832688520762972,16.759560374746727
0.68,3.834635374052615,16.832874509456488
0.682,3.836545185253175,16.90621255677858
0.684,3.838418092832743,16.979573771753227
0.686,3.840254234996761,17.05295741229075
0.6880000000000001,3.842053749688024,17.126362739171547
0.6900000000000001,3.843816774586677,17.19978901604611
0.6920000000000001,3.8455434471102192,17.273235509435025
0.6940000000000001,3.8472339044135007,17.34670148872896
0.6960000000000001,3.848888283388724,17.420186226188676
0.6980000000000001,3.8505067206654418,17.493688996945018
0.7000000000000001,3.852089352610561,17.56720907899892
0.7020000000000001,3.85363631532834,17.64074575322141
0.704,3.855147744660388,17.7142983033536
0.706,3.856623776185667,17.787866016006696
0.708,3.858064545220491,17.86144818066199
0.71,3.859470186818526,17.935044089670864
0.712,3.8608408357707886,18.00865303825478
0.714,3.8621766266056494,18.082274324505303
0.716,3.863477693588829,18.15590724938408
0.718,3.864744170723402,18.22955111672284
0.72,3.8659761917497937,18.30320523322341
0.722,3.867173890145781,18.376868908457705
0.724,3.8683373991264927,18.450541454867725
0.726,3.869466851644411,18.524222187765563
0.728,3.870562380389369,18.5979104253334
0.73,3.871624117788552,18.6716054886235
0.732,3.872652196006496,18.745306701558217
0.734,3.873646746945092,18.819013390930007
0.736,3.874607902243578,18.8927248864014
0.738,3.875535793278551,18.966440520505014
0.74,3.876430551163952,19.04015962864357
0.742,3.8772923067510807,19.11388154908986
0.744,3.878121190628584,19.187605622986787
0.746,3.8789173331224633,19.26133119434732
0.748,3.879680864296072,19.335057610054523
0.75,3.880411913950113,19.40878421986156
0.752,3.881110611622644,19.482510376391676
0.754,3.881777086589073,19.5562354351382
0.756,3.882411467862161,19.629958754464557
0.758,3.88301388419202,19.703679695604254
0.76,3.883584464066114,19.777397622660903
0.762,3.8841233359054246,19.85111189415348
0.764,3.8846306287552816,19.924821840332687
0.766,3.8851064707539513,19.998526831763133
0.768,3.885550989660689,20.072226247002018
0.77,3.8859643129716095,20.145919467014757
0.772,3.886346567919691,20.219605875174988
0.774,3.886697881474772,20.293284857264585
0.776,3.887018380343552,20.36695580147364
0.778,3.887308190969593,20.440618098400464
0.78,3.887567439533316,20.5142711410516
0.782,3.887796251952007,20.587914324841822
0.784,3.8879947538798096,20.66154704759411
0.786,3.888163070707732,20.73516870953968
0.788,3.88830132756364,20.808778713317977
0.79,3.8884096493122655,20.882376463976662
0.792,3.888488160555197,20.95596136897162
0.794,3.888536985630888,21.02953283816697
0.796,3.888556248614651,21.103090283835048
0.798,3.8885460733186608,21.17663312065641
0.8,3.8885065832919534,21.25016076571985
0.802,3.888437901820426,21.32367263852238
0.804,3.888340151926837,21.397168160969223
0.806,3.888213456370808,21.47064675737386
0.808,3.888057937648818,21.544107854457955
0.81,3.887873717994211,21.61755088135143
0.812,3.887660919377191,21.690975269592418
0.8140000000000001,3.887419663504823,21.764380453127277
0.8160000000000001,3.887150071821034,21.83776586831058
0.8180000000000001,3.886852265506612,21.911130953905147
0.8200000000000001,3.8865263654792064,21.984475151082005
0.8220000000000001,3.886172492393328,22.05779790342041
0.8240000000000001,3.885790766640348,22.131098656907845
0.8260000000000001,3.885381308348501,22.20437685994002
0.8280000000000001,3.884944237382881,22.277631963320857
0.8300000000000001,3.884479673345444,22.350863420262517
0.8320000000000001,3.883987735575008,22.42407068638537
0.834,3.8834685431472513,22.49725321971803
0.836,3.882922214874714,22.57041048069732
0.838,3.882348869306798,22.6435419321683
0.84,3.881748624729765,22.71664703938424
0.842,3.881121599166741,22.78972527000665
0.844,3.8804679103777087,22.862776094105246
0.846,3.879787675859517,22.935798984157984
0.848,3.879081012845873,23.008793415051045
0.85,3.878348038307347,23.08175886407882
0.852,3.877588868951369,23.154694810943944
0.854,3.876803621222232,23.22760073775726
0.856,3.875992411301088,23.300476129037843
0.858,3.8751553551059534,23.37332047171299
0.86,3.874292568291703,23.446133255118227
0.862,3.8734041662500753,23.5189139709973
0.864,3.872490264109669,23.59166211350218
0.866,3.8715509767359433,23.664377179193067
0.868,3.870586418731221,23.73705866703838
0.87,3.869596704434684,23.809706078414763
0.872,3.868581947922377,23.88231891710709
0.874,3.8675422630072047,23.954896689308452
0.876,3.8664777632389353,24.027438903620173
0.878,3.865388561904196,24.0999450710518
0.88,3.864274772026476,24.172414705021087
0.882,3.863136506366127,24.24484732135404
0.884,3.861973877420361,24.31724243828487
0.886,3.860786997423252,24.389599576456025
0.888,3.859575978345733,24.461918258918168
0.89,3.8583409318956026,24.53419801113019
0.892,3.857081969517517,24.60643836095921
0.894,3.855799202392996,24.678638838680563
0.896,3.854492741440418,24.75079897697782
0.898,3.8531626973150255,24.822918310942764
0.9,3.851809180408924,24.89499637807541
0.902,3.8504323008510735,24.96703271828401
0.904,3.8490321685073017,25.039026873885007
0.906,3.847608892980296,25.110978389603098
0.908,3.8461625836096034,25.1828868125712
0.91,3.844693349471634,25.25475169233044
0.912,3.8432012993796594,25.32657258083018
0.914,3.841686541883811,25.398349032428012
0.916,3.8401491852710823,25.47008060388975
0.918,3.838589337565329,25.54176685438942
0.92,3.837007106527268,25.61340734550928
0.922,3.8354025996544743,25.685001641239825
0.924,3.833775924267032,25.75654930621636
0.926,3.832127189383248,25.82804986907272
0.928,3.830456502703572,25.89950288746077
0.93,3.8287639708478136,25.970907938821064
0.932,3.827049700185745,26.042264602533663
0.934,3.8253137968371047,26.11357245991814
0.936,3.823556366671597,26.18483109423358
0.938,3.82177751530889,26.25604009067857
0.94,3.8199773481186208,26.32719903639124
0.942,3.818155970220388,26.398307520449183
0.944,3.816313486483756,26.469365133869537
0.946,3.8144500015282574,26.540371469608942
0.948,3.812565619723389,26.611326122563558
0.95,3.81066044518861,26.682228689569023
0.952,3.80873458179335,26.75307876940053
0.954,3.8067881331570006,26.82387596277276
0.956,3.80482120264892,26.894619872339906
0.958,3.802833893388432,26.965310102695664
0.96,3.8008263082448246,27.035946260373255
0.962,3.798798549837352,27.106527953845426
0.964,3.796750720535235,27.17705479352439
0.966,3.7946829224576577,27.247526391761912
0.968,3.7925952574737702,27.31794236284925
0.97,3.7904878272026896,27.38830232301717
0.972,3.788360733013496,27.458605890435965
0.974,3.786214076025237,27.528852685215423
0.976,3.784047957106924,27.599042329404845
0.978,3.781862476877535,27.66917444699305
0.98,3.779657735706013,27.739248663908374
0.982,3.7774338337112656,27.809264608018644
0.984,3.775190870762167,27.87922190913121
0.986,3.7729289464775566,27.949120198992937
0.988,3.7706481602262394,28.01895911129019
0.99,3.768348611126983,28.088738281648855
0.992,3.766030398048525,28.15845734763433
0.994,3.7636936196095663,28.22811594875151
0.996,3.761338374178772,28.29771372644481
0.998,3.7589647598747744,28.367250324098165
1.0,3.7565728745661695,28.436725387035004
1.002,3.754162815871522,28.50613856251828
1.004,3.7517346811593577,28.575489499750454
1.006,3.74928856754817,28.64477784987349
1.008,3.746824571906419,28.71400326596887
1.01,3.744342790852527,28.783165403057588
1.012,3.7418433207548847,28.85226391810015
1.014,3.739326257731847,28.921298469996568
1.016,3.736791697651733,28.990268719586364
1.018,3.73423973613283,29.05917432964858
1.02,3.731670468543388,29.12801496490176
1.022,3.729083990001624,29.196790292003968
1.024,3.72648039537572,29.265499979552764
1.026,3.723859779283823,29.33414369808523
1.028,3.721222236094046,29.402721120077967
1.03,3.7185678599244674,29.471231919947066
1.032,3.7158967446431306,29.53967577404815
1.034,3.7132089838680447,29.608052360676336
1.036,3.710504670967184,29.67636136006626
1.038,3.7077838990584886,29.744602454392076
1.04,3.705046761009864,29.812775327767437
1.042,3.702293349439179,29.8808796662455
1.044,3.699523756714272,29.948915157818966
1.046,3.696738074952944,30.01688149242001
1.048,3.693936396022961,30.084778361920343
1.05,3.6911188115420552,30.15260546013117
1.052,3.688285412877925,30.220362482803218
1.054,3.6854362911482337,30.28804912762672
1.056,3.682571537220609,30.355665094231423
1.058,3.6796912417126455,30.42321008418659
1.06,3.676795494991903,30.490683801000976
1.062,3.673884387175905,30.55808595012287
1.064,3.6709580081321422,30.62541623894005
1.066,3.6680164474780703,30.69267437677984
1.068,3.6650597945811114,30.759860074909028
1.07,3.662088138558649,30.826973046533944
1.072,3.659101568278037,30.894013006800428
1.074,3.656100172356593,30.960979672793812
1.076,3.653084039161599,31.02787276353897
1.078,3.650053256810302,31.09469200000025
1.08,3.647007913169917,31.161437105081543
1.082,3.643948095857623,31.22810780362624
1.084,3.640873892240563,31.294703822417222
1.086,3.637785389435847,31.36122489017692
1.088,3.634682674310551,31.427670737567244
1.09,3.6315658334817145,31.494041097189637
1.092,3.628434953316344,31.56033570358503
1.094,3.62529011993141,31.62655429323389
1.096,3.6221314200850223,31.69269659237725
1.098,3.6189589426519206,31.75876229899491
1.1,3.615772773313043,31.824751155731903
1.102,3.612572997223076,31.89066291092861
1.104,3.609359699310253,31.95649731441402
1.106,3.606132964276352,32.02225411750569
1.108,3.602892876596701,32.087933073009786
1.11,3.5996395205201743,32.15353393522106
1.112,3.596372980069192,32.21905645992287
1.114,3.593093339039722,32.284500404387146
1.116,3.5898006810012792,32.34986552737441
1.118,3.586495089296925,32.4151515891338
1.12,3.5831766470432687,32.48035835140301
1.122,3.5798454371304653,32.545485577408364
1.124,3.5765015422222177,32.61053303186474
1.126,3.573145044755775,32.67550048097564
1.128,3.569776026941934,32.74038769243313
1.13,3.566394570765038,32.80519443541789
1.132,3.5630007579829788,32.869920480599184
1.134,3.559594670127192,32.93456560013487
1.136,3.5561763885026627,32.999129567671375
1.138,3.552745994187922,33.06361215834376
1.14,3.5493035680350484,33.12801314877564
1.142,3.545849190669668,33.19233231707925
1.144,3.542382942490951,33.25656944285539
1.146,3.5389049036716185,33.320724307193466
1.148,3.535415154157936,33.384796692671486
1.15,3.531913773669716,33.44878638335602
1.152,3.52840084170032,33.51269316480227
1.154,3.524876437516654,33.57651682405398
1.156,3.5213406401591723,33.640257149643546
1.158,3.517793528441876,33.7039139315919
1.16,3.5142351809523125,33.76748696140859
1.162,3.5106656760515773,33.83097603209177
1.164,3.5070850918743126,33.89438093812815
1.166,3.5034935063287063,33.95770147549307
1.168,3.499890997096495,34.02093744165043
1.17,3.496277641632961,34.084088635552746
1.172,3.4926535171669344,34.1471548576411
1.174,3.489018700700792,34.21013590984519
1.176,3.4853732690104566,34.273031595583305
1.178,3.4817172986454,34.3358417197623
1.18,3.478050865928639,34.39856608877765
1.182,3.474374046956739,34.46120451051341
1.184,3.4706869175998105,34.52375679434222
1.186,3.466989553501513,34.58622275112532
1.188,3.4632820300790508,34.64860219321255
1.19,3.4595644225231776,34.710894934442315
1.192,3.455836805798192,34.77310079014165
1.194,3.4520992546419405,34.835219577126146
1.196,3.4483518435658165,34.8972511137
1.198,3.44459464685476,34.95919521965601
1.2,3.440827738567259,35.02105171627555
1.202,3.437051192535347,35.082820426328595
1.204,3.4332650823646054,35.14450117407371
1.206,3.4294694814341624,35.20609378525804
1.208,3.4256644628966937,35.26759808711735
1.21,3.42185009967842,35.32901390837596
1.212,3.4180264644791114,35.390341079246824
1.214,3.414193629772084,35.45157943143145
1.216,3.4103516678042003,35.512728798119944
1.218,3.40650065059587,35.573789013991025
1.22,3.40264064994105,35.63475991521199
1.222,3.398771737407246,35.69564133943872
1.224,3.3948939843355066,35.75643312581571
1.226,3.3910074618404304,35.817135114976026
1.228,3.387112240810162,35.877747149041326
1.23,3.3832083919063938,35.93826907162187
1.232,3.3792959855643634,35.998700727816505
1.234,3.3753750919928573,36.05904196421268
1.236,3.371445781174208,36.119292628886406
1.238,3.367508122864295,36.17945257140232
1.24,3.363562186592545,36.23952164281364
1.242,3.359608041661931,36.29949969566217
1.244,3.3556457571489737,36.3593865839783
1.246,3.3516754019037407,36.41918216328102
1.248,3.347697044549846,36.478886290577925
1.25,3.343710753484453,36.53849882436518
1.252,3.3397165968782674,36.59801962462754
1.254,3.335714642675545,36.657448552838375
1.256,3.3317049585940897,36.716785471959625
1.258,3.327687612125249,36.77603024644184
1.26,3.32366267053392,36.83518274222414
1.262,3.319630200858546,36.89424282673425
1.264,3.3155902699111164,36.95321036888849
1.266,3.3115429442771687,37.01208523909177
1.268,3.3074882903157867,37.07086730923758
1.27,3.303426374159602,37.12955645270801
1.272,3.2993572617147926,37.18815254437374
1.274,3.2952810187225565,37.24665545995365
1.276,3.2911977140294653,37.30506504271492
1.278,3.287107414719448,37.36338115568063
1.28,3.283010185690409,37.42160368410883
1.282,3.2789060916442,37.47973251433624
1.284,3.27479519708662,37.53776753377819
1.286,3.270677566327414,37.59570863092869
1.288,3.2665532634802767,37.65355569536038
1.29,3.262422352462849,37.711308617724576
1.292,3.2582848969967197,37.76896728975122
1.294,3.254140960607422,37.82653160424893
1.296,3.249990606624441,37.884001455104936
1.298,3.2458338981812056,37.941376737285154
1.3,3.241670898215093,37.99865734683413
1.302,3.237501669467429,38.05584318087506
1.304,3.2333262744834856,38.11293413760981
1.306,3.2291447756124816,38.16993011631888
1.308,3.224957235007584,38.226831017361405
1.31,3.2207637146259063,38.2836367421752
1.312,3.2165642762285103,38.34034719327673
1.314,3.2123589813804045,38.39696227426108
1.316,3.208147891450545,38.453481889802006
1.318,3.2039310676118347,38.50990594565192
1.32,3.199708570841125,38.56623434864186
1.322,3.1954804619192125,38.622467006681546
1.324,3.191246801430844,38.67860382875932
1.326,3.187007649764711,38.73464472494219
1.328,3.182763067113453,38.79058960637581
1.33,3.1785131134736586,38.846438385284486
1.332,3.174257848645861,38.90219097497117
1.334,3.169997332234543,38.95784728981746
1.336,3.1657316236481328,39.01340724528362
1.338,3.1614607820990077,39.06887075790854
1.34,3.1571848666034903,39.12423774530979
1.342,3.1529039359818527,39.17950812618357
1.344,3.148618048858313,39.23468182030473
1.346,3.1443272636610367,39.28975874852678
1.348,3.140031638622137,39.34473883278188
1.35,3.135731231777674,39.39962199608082
1.352,3.1314261009676563,39.45440816251307
1.354,3.1271163038360377,39.50909725724672
1.356,3.122801897830721,39.563689206528544
1.358,3.118482940203555,39.61818393768394
1.36,3.114159488010338,39.67258137911696
1.362,3.109831598110813,39.72688146031031
1.364,3.1054993271686726,39.78108411182534
1.366,3.101162731651555,39.83518926530208
1.368,3.0968218678310464,39.88919685345917
1.37,3.0924767917826808,39.94310681009391
1.372,3.088127559385938,39.99691907008226
1.374,3.083774226324247,40.050633569378846
1.376,3.0794168480849837,40.1042502450169
1.378,3.075055479959469,40.15776903510834
1.38,3.0706901770429744,40.21118987884372
1.382,3.0663209942347174,40.26451271649225
1.384,3.061947986237862,40.317737489401786
1.386,3.0575712075595205,40.37086413999884
1.388,3.0531907125107525,40.42389261178856
1.39,3.048806555206564,40.47682284935477
1.392,3.04441878956591,40.52965479835991
1.394,3.0400274693116907,40.58238840554509
1.396,3.0356326479707554,40.63502361873008
1.398,3.0312343788739,40.68756038681328
1.4,3.026832715155867,40.73999865977175
1.402,3.022427709755348,40.7923383886612
1.404,3.01801941541498,40.844579525615984
1.406,3.0136078846813485,40.89672202384912
1.408,3.0091931699049863,40.94876583765225
1.41,3.0047753232403727,41.0007109223957
1.412,3.0003543966459354,41.05255723452843
1.414,2.995930441884048,41.10430473157804
1.416,2.991503510521033,41.15595337215079
1.418,2.987073653927159,41.2075031159316
1.42,2.9826409232766427,41.25895392368401
1.422,2.978205369547648,41.31030575725025
1.424,2.9737670435222854,41.361558579551165
1.426,2.9693259957866136,41.41271235458628
1.428,2.9648822767306378,41.46376704743373
1.43,2.960435936548312,41.51472262425036
1.432,2.955987025237535,41.56557905227161
1.434,2.951535592600156,41.61633629981159
1.436,2.947081688241969,41.666994336263066
1.438,2.942625361572716,41.71755313209744
1.44,2.938166661806087,41.76801265886479
1.442,2.933705637959719,41.81837288919382
1.444,2.929242338855196,41.86863379679188
1.446,2.9247768131180494,41.91879535644499
1.448,2.920309109177758,41.968857544017816
1.45,2.915839275267748,42.01882033645367
1.452,2.9113673594253933,42.0686837117745
1.454,2.906893409492014,42.11844764908093
1.456,2.902417473112878,42.16811212855222
1.458,2.8979395977372016,42.21767713144628
1.46,2.89345983267677,42.26714262336733
1.462,2.8889782283523315,42.31650856191317
1.464,2.8844948314774723,42.36577493536221
1.466,2.880009688544518,42.41494173320566
1.468,2.87552284588308,42.464008945662464
1.47,2.8710343496600546,42.51297656367933
1.472,2.866544245879623,42.56184457893068
1.474,2.8620525803832515,42.61061298381871
1.476,2.857559398849692,42.65928177147333
1.478,2.853064746794981,42.70785093575221
1.48,2.848568669572442,42.75632047124074
1.482,2.844071212372681,42.80469037325207
1.484,2.8395724202235915,42.85296063782709
1.486,2.83507233799035,42.90113126173441
1.488,2.830571010375421,42.94920224247042
1.49,2.826068481918551,42.99717357825921
1.492,2.8215647969967743,43.04504526805263
1.494,2.8170599998244086,43.09281731153028
1.496,2.8125541344530585,43.14048970909949
1.498,2.808047244771612,43.18806246189533
1.5,2.803539374506244,43.235535571780616
1.502,2.7990305672204125,43.28290904134591
1.504,2.794520866314863,43.33018287390949
1.506,2.7900103150276245,43.37735707351742
1.508,2.785498956434012,43.42443164494347
1.51,2.780986833446626,43.47140659368915
1.512,2.7764739888153507,43.518281925983736
1.514,2.771960465127357,43.56505764878423
1.516,2.7674463048071005,43.61173376977536
1.518,2.762931550116322,43.65831029736964
1.52,2.758416243154047,43.70478724070727
1.522,2.753900425856587,43.75116460965624
1.524,2.7493841399975385,43.79744241481224
1.526,2.744867427187782,43.84362066749873
1.528,2.740350328875486,43.88969937976691
1.53,2.735832886346101,43.9356785643957
1.532,2.731315140722364,43.981558234891786
1.534,2.7267971329642977,44.02733840548958
1.536,2.72227890386921,44.07301909115123
1.538,2.717760494071692,44.118600307566645
1.54,2.713241944043624,44.164082071153466
1.542,2.708723294094167,44.20946439905706
1.544,2.7042045843697693,44.25474730915057
1.546,2.6996858548541653,44.29993082003484
1.548,2.695167145368373,44.345014951038486
1.55,2.6906484955706964,44.38999972221784
1.552,2.686129944956724,44.43488515435701
1.554,2.681611532859331,44.47967126896781
1.556,2.677093298448676,44.524358088289816
1.558,2.6725752807322034,44.56894563529033
1.56,2.668057518554644,44.61343393366442
1.562,2.6635400505980105,44.65782300783486
1.564,2.659022915381605,44.70211288295219
1.566,2.6545061512620123,44.7463035848947
1.568,2.6499897964331027,44.79039514026839
1.57,2.6454738889260323,44.83438757640702
1.572,2.6409584666092414,44.878280921372095
1.574,2.636443567188456,44.92207520395286
1.576,2.631929228206688,44.96577045366629
1.578,2.627415487044234,45.00936670075711
1.58,2.6229023809186747,45.05286397619778
1.582,2.6183899468848773,45.09626231168851
1.584,2.613878221834994,45.13956173965725
1.586,2.609367242498462,45.182762293259685
1.588,2.604857045442003,45.22586400637925
1.59,2.600347667069626,45.2688669136271
1.592,2.5958391436226225,45.31177105034216
1.594,2.591331511179571,45.35457645259108
1.596,2.5868248056563345,45.39728315716826
1.598,2.5823190628060613,45.43989120159583
1.6,2.577814318219185,45.482400624123656
1.602,2.5733106073234246,45.52481146372938
1.604,2.568807965383783,45.56712376011834
1.606,2.564306427502551,45.60933755372365
1.608,2.5598060286193016,45.65145288570615
1.61,2.5553068035108946,45.693469797954414
1.612,2.5508087867914746,45.73538833308478
1.614,2.5463120129124714,45.7772085344413
1.616,2.5418165161626005,45.81893044609579
1.618,2.5373223306678616,45.860554112847794
1.62,2.5328294903915407,45.90207958022461
1.622,2.528338029134208,45.94350689448125
1.624,2.523847980533719,45.9848361026005
1.626,2.5193593780652157,46.02606725229288
1.628,2.514872255041123,46.06720039199663
1.63,2.5103866446111534,46.10823557087775
1.632,2.505902579762303,46.14917283882997
1.634,2.501420093318853,46.19001224647478
1.636,2.496939217942372,46.2307538451614
1.638,2.4924599861317107,46.27139768696677
1.64,2.4879824302230062,46.31194382469562
1.642,2.4835065823896825,46.35239231188037
1.644,2.479032474642446,46.392743202781226
1.646,2.474560139187804,46.43299654999833
1.648,2.470089611379872,46.47315238545713
1.65,2.4656209234900146,46.51321076249892
1.652,2.4611541066371525,46.55317174185596
1.654,2.456689191810354,46.59303538470494
1.656,2.452226209868844,46.63280175266696
1.658,2.4477651915419973,46.67247090780754
1.66,2.443306167429343,46.71204291263661
1.662,2.4388491680005626,46.75151783010851
1.664,2.4343942235954894,46.790895723622015
1.666,2.429941364424112,46.83017665702029
1.668,2.425490620566567,46.86936069459095
1.67,2.421042021973149,46.90844790106598
1.672,2.4165955984643017,46.94743834162184
1.674,2.412151379730623,46.98633208187935
1.676,2.407709395332864,47.02512918790377
1.678,2.4032696747019267,47.06382972620479
1.68,2.398832247138868,47.102433763736485
1.682,2.3943971418148946,47.140941367897376
1.684,2.389964387771369,47.17935260653038
1.686,2.385534013919805,47.21766754792283
1.688,2.3811060490418696,47.25588626080649
1.69,2.376680521789381,47.294008814357525
1.692,2.3722574606843123,47.33203527819653
1.694,2.3678368941187875,47.36996572238849
1.696,2.3634188503550844,47.40780021744285
1.698,2.359003357525633,47.44553883431343
1.7,2.3545904436330165,47.48318164439847
1.702,2.35018013654997,47.52072871954066
1.704,2.345772464019382,47.55818013202706
1.706,2.341367453654294,47.59553595458919
1.708,2.3369651329378995,47.63279626040295
1.71,2.3325655292235448,47.66996112308867
1.712,2.328168669734729,47.7070306167111
1.714,2.3237745815651034,47.744004815779405
1.716,2.3193832916784736,47.78088379524716
1.718,2.3149948269087965,47.81766763051237
1.72,2.3106092139601824,47.85435639741742
1.722,2.3062264794068934,47.89095017224916
1.724,2.301846649693345,47.92744903173882
1.726,2.297469751134106,47.96385305306206
1.728,2.2930958099138965,48.00016231383896
1.73,2.2887248520875905,48.036376892134
1.732,2.284356903580214,48.072496866456085
1.734,2.2799919901869465,48.10852231575855
1.736,2.2756301375731187,48.14445331943912
1.738,2.2712713712742163,48.18028995733996
1.74,2.2669157166958755,48.216032309747625
1.742,2.2625631991138864,48.25168045739312
1.744,2.2582138436741914,48.28723448145182
1.746,2.253867675392886,48.32269446354356
1.748,2.249524719156218,48.35806048573258
1.75,2.245184999720588,48.39333263052751
1.752,2.24084854171255,48.42851098088143
1.754,2.2365153696288096,48.46359562019181
1.756,2.2321855078362254,48.49858663230056
1.758,2.227858980571809,48.53348410149398
1.76,2.223535811942725,48.56828811250281
1.762,2.2192160259262907,48.60299875050219
1.764,2.2148996463699744,48.63761610111168
1.766,2.2105866969914,48.67214025039525
1.768,2.2062772013783416,48.70657128486131
1.77,2.201971182988727,48.74090929146266
1.772,2.1976686651506374,48.77515435759651
1.774,2.1933696710623054,48.80930657110453
1.776,2.189074223792117,48.843366020272754
1.778,2.184782346278612,48.877332793831656
1.78,2.18049406133048,48.91120698095614
1.782,2.176209391626565,48.94498867126549
1.784,2.1719283597158663,48.97867795482344
1.786,2.1676509880175305,49.012274922138126
1.788,2.163377298820861,49.04577966416209
1.79,2.159107314285314,49.07919227229231
1.792,2.1548410564404947,49.112512838370165
1.794,2.150578547186165,49.145741454681456
1.796,2.1463198082922377,49.1788782139564
1.798,2.142064861398778,49.21192320936964
1.8,2.137813728016005,49.2448765345402
1.802,2.13356642952429,49.27773828353156
1.804,2.1293229871741564,49.31050855085159
1.806,2.1250834220862806,49.34318743145259
1.808,2.120847755251493,49.37577502073128
1.81,2.1166160075307747,49.408271414528784
1.812,2.1123881996552605,49.44067670913064
1.814,2.1081643522262383,49.472991001266806
1.816,2.103944485715148,49.50521438811166
1.818,2.0997286204635826,49.537346967284
1.82,2.0955167766832874,49.56938883684702
1.822,2.0913089744561613,49.60134009530835
1.824,2.0871052337342544,49.63320084162003
1.826,2.0829055743397715,49.66497117517852
1.828,2.0787100159650684,49.696651195824685
1.83,2.0745185781726545,49.72824100384381
1.832,2.070331280482303,49.75974069958259
1.834,2.066148144300774,49.79115037538024
1.836,2.061969189537106,49.82247013106394
1.838,2.057794435040184,49.8537000710802
1.84,2.053623899557622,49.88484030011475
1.842,2.0494576017357664,49.915890923092526
1.844,2.045295560119692,49.94685204517762
1.846,2.0411377931532027,49.97772377177336
1.848,2.036984319178833,50.00850620852224
1.85,2.0328351564378493,50.03919946130596
1.852,2.028690323070244,50.06980363624542
1.854,2.024549837114742,50.1003188397007
1.856,2.020413716508797,50.13074517827108
1.858,2.0162819790885944,50.16108275879504
1.86,2.012154642589047,50.19133168835026
1.862,2.008031724643798,50.2214920742536
1.864,2.003913242785224,50.25156402406112
1.866,1.9997992144444248,50.28154764556808
1.868,1.995689656951237,50.31144304680892
1.87,1.9915845875342224,50.3412503360573
1.872,1.9874840233206736,50.37096962182605
1.874,1.9833879813366155,50.400601012867206
1.876,1.9792964785068,50.430144618172
1.878,1.9752095316547105,50.45960054697085
1.88,1.9711271575025588,50.48896890873338
1.882,1.9670493726712888,50.51824981316841
1.884,1.9629761936805723,50.54744337022394
1.886,1.958907636948812,50.57654969008716
1.888,1.95484371879314,50.60556888318448
1.89,1.9507844554294191,50.6345010601815
1.892,1.9467298629722407,50.66334633198299
1.894,1.942679957434927,50.69210480973294
1.896,1.93863475472953,50.720776604814525
1.898,1.934594270666831,50.74936182885011
1.9,1.9305585209563425,50.77786059370127
1.902,1.9265275212063049,50.806273011468754
1.904,1.9225012869236904,50.83459919449252
1.906,1.9184798335141997,50.86283925535172
1.908,1.9144631762822644,50.89099330686469
1.91,1.910451330431045,50.91906146208898
1.912,1.9064443110624336,50.94704383432132
1.914,1.9024421331770496,50.97494053709762
1.916,1.8984448116742447,51.00275168419303
1.918,1.894452361352099,51.03047738962185
1.92,1.8904647969074235,51.05811776763759
1.922,1.8864821329357575,51.08567293273297
1.924,1.882504383931372,51.11314299963988
1.926,1.878531564287267,51.14052808332941
1.928,1.8745636882951728,51.16782829901186
1.93,1.8706007701455485,51.19504376213671
1.932,1.8666428239275843,51.22217458839265
1.934,1.8626898636292,51.249220893707545
1.936,1.858741903137045,51.276182794248456
1.938,1.8547989562364984,51.30306040642167
1.94,1.8508610366116705,51.329853846872616
1.942,1.846928157845399,51.35656323248597
1.944,1.8430003334192544,51.383188680385565
1.946,1.8390775767135348,51.40973030793445
1.948,1.8351599010072688,51.436188232734864
1.95,1.8312473194782168,51.46256257262823
1.952,1.8273398452028653,51.48885344569518
1.954,1.8234374911564344,51.51506097025553
1.956,1.8195402702128711,51.541185264868304
1.958,1.8156481951448544,51.56722644833171
1.96,1.8117612786237929,51.593184639683145
1.962,1.807879533219824,51.61905995819921
1.964,1.804002971401816,51.644852523395706
1.966,1.8001316055373655,51.670562455027614
1.968,1.796265447892802,51.696189873089125
1.97,1.792404510633182,51.72173489781361
1.972,1.7885488058222931,51.747197649673645
1.974,1.7846983454226528,51.772578249381
1.976,1.7808531412955082,51.79787681788663
1.978,1.7770132052008365,51.82309347638069
1.98,1.7731785487973444,51.848228346292544
1.982,1.769349183642469,51.87328154929072
1.984,1.7655251211923773,51.89825320728298
1.986,1.7617063728019655,51.92314344241624
1.988,1.7578929497248603,51.947952377076646
1.99,1.754084863113418,51.972680133889504
1.992,1.7502821240187254,51.99732683571935
1.994,1.746484743390598,52.02189260566989
1.996,1.742692732077582,52.04637756708403
1.998,1.738906100826954,52.07078184354389
2.0,1.735124860284719,52.095105558870735
