t,theta,theta_dot
0.0,0.1,0.0
0.005,0.099987758176252,-0.0048966299326229
0.01,0.0999510356930794,-0.0097920650237582
0.015,0.0998898415592056,-0.0146851123165881
0.02,0.099804190704225,-0.0195745768295965
0.025,0.0996941039861834,-0.0244592638280086
0.03,0.0995596082290443,-0.0293379806983535
0.035,0.0994007362226887,-0.0342095369484634
0.04,0.0992175267229156,-0.039072744207474
0.045,0.0990100244514413,-0.0439264162258248
0.05,0.0987782800958999,-0.0487693688752583
0.055,0.0985223503098433,-0.0536004201488209
0.06,0.0982422975603205,-0.0584183928466644
0.065,0.0979381901263919,-0.0632221114109613
0.07,0.0976101022977015,-0.0680103994290074
0.075,0.0972581141546136,-0.0727820855918548
0.08,0.0968823115662691,-0.0775360037379706
0.085,0.0964827861905854,-0.0822709928532365
0.09,0.0960596354742567,-0.0869858970709492
0.095,0.0956129626527534,-0.0916795656718201
0.1,0.0951428767503227,-0.0963508530839754
0.105,0.0946494925799883,-0.100998618882956
0.11,0.0941329307435506,-0.1056217277917178
0.115,0.0935933176220246,-0.1102190497537014
0.12,0.0930307845471807,-0.1147894653048866
0.125,0.0924454688206432,-0.1193318557582972
0.13,0.0918375137011253,-0.1238451058717087
0.135,0.0912070678115881,-0.1283281089934092
0.14,0.0905542851392398,-0.1327797670621995
0.145,0.0898793250355361,-0.137198990607393
0.15,0.0891823522161802,-0.1415846987488158
0.155,0.088463536761123,-0.1459358191968065
0.16,0.0877230541145625,-0.1502512882522164
0.165,0.0869610850849444,-0.1545300508064095
0.17,0.0861778158449618,-0.1587710603412623
0.175,0.0853734379315554,-0.162973278929164
0.18,0.0845481482459132,-0.1671356772330164
0.185,0.0837021482389683,-0.1712572377799383
0.19,0.0828356436667023,-0.1753369537577816
0.195,0.0819488470977133,-0.1793738194958205
0.2,0.0810419758332498,-0.1833668410170219
0.205,0.080115251820337,-0.1873150364312916
0.21,0.0791689016517763,-0.1912174359354743
0.215,0.0782031565661456,-0.1950730818133534
0.22,0.0772182524477994,-0.1988810284356514
0.225,0.0762144298268686,-0.2026403422600293
0.23,0.0751919338792605,-0.2063501018310873
0.235,0.074151014426659,-0.2100093977803644
0.24,0.0730919259365243,-0.2136173328263382
0.245,0.0720149275220933,-0.2171730217744254
0.25,0.0709202829423791,-0.2206755915169815
0.255,0.0698082604757146,-0.224124181364844
0.26,0.0686791302216674,-0.2275179490681317
0.265,0.0675331687183958,-0.2308560572821677
0.27,0.0663706575884395,-0.2341376796659109
0.275,0.0651918820751987,-0.2373620051480138
0.28,0.063997131042934,-0.2405282379268223
0.285,0.062786696976766,-0.243635597470376
0.29,0.061560875982676,-0.2466833185164075
0.295,0.0603199677875054,-0.2496706510723435
0.3,0.0590642757389559,-0.2525968604153036
0.305,0.0577941068055896,-0.2554612270921013
0.31,0.0565097715768289,-0.2582630469192432
0.315,0.0552115842629565,-0.2610016309829297
0.32,0.0538998626951154,-0.2636763056390545
0.325,0.0525749283253089,-0.2662864125132048
0.33,0.0512371062264008,-0.2688313085006614
0.335,0.0498867229802411,-0.2713103684161144
0.34,0.0485241077464869,-0.2737229814035645
0.345,0.0471495961357512,-0.2760685472624066
0.35,0.0457635261518491,-0.2783464834135516
0.355,0.0443662381346286,-0.2805562249846136
0.36,0.0429580747599717,-0.2826972248099096
0.365,0.0415393810397934,-0.2847689534304606
0.37,0.0401105043220427,-0.2867708990939904
0.375,0.0386717942907018,-0.2887025677549263
0.38,0.0372236029657863,-0.2905634830743989
0.385,0.0357662847033455,-0.292353186420242
0.39,0.0343001961954621,-0.2940712368669929
0.395,0.0328256964702522,-0.295717211195892
0.4,0.0313431468918657,-0.2972907038948833
0.405,0.0298529111604855,-0.2987913271586137
0.41,0.028355355174041,-0.300218710934052
0.415,0.0268508436727917,-0.301572503101111
0.42,0.0253397459906969,-0.3028523664133692
0.425,0.0238224343503734,-0.3040579815771263
0.43,0.0222992818994041,-0.3051890483245529
0.435,0.0207706627103381,-0.3062452854136916
0.44,0.0192369517806905,-0.3072264306284562
0.445,0.0176985250329428,-0.3081322407786319
0.45,0.0161557593145426,-0.3089624916998754
0.455,0.0146090323979035,-0.3097169782537147
0.46,0.0130587229804054,-0.3103955143275496
0.465,0.0115052106843945,-0.310997932834651
0.47,0.0099488760571829,-0.3115240857141614
0.475,0.0083901005710491,-0.3119738439310947
0.48,0.0068292666232375,-0.3123470974763361
0.485,0.0052667574267562,-0.3126437552919364
0.49,0.0037029545702758,-0.3128637427809412
0.495,0.0021382422208144,-0.3130070038185354
0.5,0.0005730055590497,-0.3130735020629346
0.505,-0.0009923706664017,-0.3130632203477461
0.51,-0.0025575021389845,-0.3129761606819684
0.515,-0.0041220049742038,-0.3128123442499912
0.52,-0.0056854957196263,-0.3125718114115956
0.525,-0.0072475913548794,-0.312254621701954
0.53,-0.0088079092916515,-0.31186085383163
0.535,-0.0103660673736921,-0.3113906056865785
0.54,-0.0119216838768117,-0.3108439943281458
0.545,-0.0134743775088819,-0.3102211559930695
0.55,-0.0150237674098351,-0.3095222460934784
0.555,-0.0165694738410057,-0.3087474381354833
0.56,-0.0181111184693538,-0.3078969220129086
0.5650000000000001,-0.0196483219843419,-0.3069709084063131
0.5700000000000001,-0.0211807065766497,-0.3059696265985617
0.5750000000000001,-0.0227078960756522,-0.3048933243049929
0.58,-0.0242295159494194,-0.3037422676734184
0.585,-0.025745193304717,-0.3025167412841232
0.59,-0.0272545568870055,-0.301217048149866
0.595,-0.028757237080441,-0.2998435097158784
0.6,-0.0302528659078744,-0.2983964658598657
0.605,-0.0317410770308524,-0.2968762748920065
0.61,-0.0332215057496166,-0.2952833135549526
0.615,-0.0346937893053157,-0.2936179765841507
0.62,-0.0361575685024854,-0.2918806735765616
0.625,-0.0376124833582291,-0.2900718347525257
0.63,-0.039058175926301,-0.2881919082351675
0.635,-0.040494291067904,-0.2862413590723865
0.64,-0.0419204764516889,-0.2842206692368575
0.645,-0.0433363825537554,-0.2821303376260299
0.65,-0.0447416626576513,-0.2799708800621284
0.655,-0.0461359728543726,-0.2777428292921525
0.66,-0.0475189720423641,-0.2754467349878768
0.665,-0.0488903219275186,-0.2730831637458509
0.67,-0.0502496870231774,-0.2706526990873995
0.675,-0.0515967346501303,-0.2681559414586221
0.68,-0.0529311349366154,-0.2655935082303935
0.685,-0.0542525617513155,-0.2629660312346307
0.6900000000000001,-0.0555606928371504,-0.2602741545542923
0.6950000000000001,-0.0568552060749184,-0.2575185445940411
0.7000000000000001,-0.0581357830756041,-0.2546998826894127
0.705,-0.0594021093923574,-0.2518188646109176
0.71,-0.0606538745204939,-0.2488762005640403
0.715,-0.0618907718974945,-0.2458726151892401
0.72,-0.063112498903006,-0.2428088475619508
0.725,-0.0643187568588404,-0.2396856511925804
0.73,-0.0655092510289754,-0.2365037940265117
0.735,-0.0666836906195541,-0.2332640584441017
0.74,-0.0678417887788853,-0.229967241260682
0.745,-0.0689832625974432,-0.2266141537265586
0.75,-0.0701078331078677,-0.2232056215270121
0.755,-0.071215225284964,-0.2197424847822975
0.76,-0.0723051693857362,-0.2162255919432953
0.765,-0.073377399284539,-0.2126558035340763
0.77,-0.0744316509090007,-0.2090340013149857
0.775,-0.0754676650877155,-0.2053610781588877
0.78,-0.0764851875709669,-0.2016379379686907
0.785,-0.0774839690307272,-0.1978654956773476
0.79,-0.0784637650606578,-0.1940446772478556
0.795,-0.0794243361761091,-0.1901764196732563
0.8,-0.0803654478141204,-0.1862616709766357
0.805,-0.0812868703334204,-0.182301390211124
0.81,-0.0821883790144264,-0.1782965474598961
0.8150000000000001,-0.0830697540592449,-0.174248123836171
0.8200000000000001,-0.0839307805916715,-0.1701571114832123
0.8250000000000001,-0.0847712486571908,-0.1660245135743277
0.8300000000000001,-0.0855909532229761,-0.1618513443128695
0.835,-0.086389694310003,-0.1576386278170274
0.84,-0.0871672778184447,-0.1533873876405415
0.845,-0.0879235127102,-0.1490986676592253
0.85,-0.088658212959746,-0.1447735230212172
0.855,-0.0893711981688799,-0.1404130158526004
0.86,-0.0900622935667189,-0.1360182152574036
0.865,-0.0907313300097005,-0.131590197317601
0.87,-0.0913781439815822,-0.1271300450931117
0.875,-0.0920025775934416,-0.1226388486218004
0.88,-0.0926044785836765,-0.1181177049194769
0.885,-0.0931837003180047,-0.1135677179798964
0.89,-0.0937401017894643,-0.1089899987747595
0.895,-0.0942735476184134,-0.1043856652537117
0.9,-0.0947839080525301,-0.0997558423443443
0.905,-0.0952710589668129,-0.0951016619521935
0.91,-0.0957348818635802,-0.090424262960741
0.915,-0.0961752637085776,-0.0857247880594556
0.92,-0.0965920963371234,-0.0810043814829767
0.925,-0.0969852773629165,-0.0762642003840516
0.93,-0.0973547103661829,-0.0715054054699319
0.935,-0.0977003048828105,-0.0667291604667316
0.94,-0.0980219764043483,-0.0619366321194275
0.945,-0.098319646378007,-0.0571289901918589
0.95,-0.098593242206659,-0.0523074074667282
0.955,-0.0988426972488379,-0.0474730597456002
0.96,-0.0990679508187392,-0.0426271258489024
0.965,-0.0992689481862195,-0.037770787615925
0.97,-0.0994456405767972,-0.032905229904821
0.975,-0.0995979851716522,-0.028031640592606
0.98,-0.0997259449484774,-0.0231512089945392
0.985,-0.0998294882593246,-0.0182651246610795
0.99,-0.0999085896132056,-0.0133745829320233
0.995,-0.0999632295597763,-0.0084807791340608
1.0,-0.0999933946666326,-0.0035849082228167
1.005,-0.0999990775193101,0.0013118352171487
1.01,-0.0999802767212846,0.0062082569723401
1.015,-0.0999369968939716,0.0111031632003276
1.02,-0.0998692486767269,0.0159953604297452
1.025,-0.0997770487268459,0.0208836555602928
1.03,-0.0996604197195642,0.0257668558627348
1.035,-0.0995193902577501,0.030643769881891
1.04,-0.0993539945295143,0.0355132088368771
1.045,-0.0991642728524532,0.0403739816493967
1.05,-0.0989502714927273,0.045224900135228
1.055,-0.0987120426274708,0.0500647795464892
1.06,-0.0984496443447917,0.0548924385716406
1.065,-0.0981631406437719,0.0597066993354827
1.07,-0.0978526014344668,0.0645063873991577
1.075,-0.097518102537906,0.0692903317601483
1.08,-0.0971597256860926,0.0740573648522789
1.085,-0.0967775585220036,0.0788063225457141
1.09,-0.0963716942273709,0.0835360478769232
1.095,-0.0959422317392216,0.0882453858605392
1.1,-0.095489276072287,0.0929331819098015
1.105,-0.0950129378689305,0.097598288139511
1.11,-0.094513333398607,0.1022395633725629
1.115,-0.0939905845578628,0.1068558731399449
1.12,-0.0934448188703354,0.1114460896807392
1.125,-0.092876169486754,0.1160090919421202
1.13,-0.0922847751849388,0.1205437655793566
1.135,-0.0916707803698015,0.1250490029558097
1.14,-0.0910343350733451,0.1295237031429351
1.145,-0.0903755949546642,0.1339667719202807
1.15,-0.0896947211485637,0.1383771226181011
1.155,-0.0889918790929739,0.1427536812254499
1.16,-0.0882672407681644,0.147095372801414
1.165,-0.0875209836357704,0.151401130045665
1.17,-0.0867532902283442,0.1556698958761173
1.175,-0.0859643481493553,0.1599006234289281
1.18,-0.0851543500731904,0.1640922760584968
1.185,-0.0843234937451533,0.168243827337466
1.19,-0.0834719819814649,0.1723542610567204
1.195,-0.0826000226692633,0.1764225712253878
1.2,-0.0817078287666037,0.1804477620708381
1.205,-0.0807956183024584,0.1844288480386843
1.21,-0.0798636143767171,0.1883648537927815
1.215,-0.0789120451601863,0.1922548142152282
1.22,-0.0779411435249457,0.196097775640861
1.225,-0.076951145202128,0.1998928005303012
1.23,-0.075942292955376,0.2036389527511694
1.235,-0.0749148343451014,0.2073353076059604
1.24,-0.0738690211415945,0.2109809540167236
1.245,-0.0728051093250243,0.2145749945250648
1.25,-0.0717233590854385,0.2181165452921441
1.255,-0.0706240348227632,0.2216047360986779
1.26,-0.0695074051468033,0.2250387103449371
1.265,-0.0683737428772422,0.2284176250507488
1.27,-0.0672233250436421,0.2317406508554949
1.275,-0.0660564328854434,0.2350069720181132
1.28,-0.0648733518519656,0.2382157864170962
1.285,-0.0636743716024066,0.2413663055504923
1.29,-0.0624597860058428,0.2444577545359054
1.295,-0.0612298925162713,0.2474893733377416
1.3,-0.0599849897676707,0.2504604199899797
1.305,-0.0587253836579057,0.2533701580900901
1.31,-0.0574513838763206,0.2562178661117039
1.315,-0.0561633031664456,0.2590028390425117
1.32,-0.0548614573259963,0.2617243883842642
1.325,-0.0535461652068737,0.2643818421527715
1.33,-0.0522177487151643,0.2669745448779039
1.335,-0.0508765328111405,0.2695018576035911
1.34,-0.0495228455092597,0.2719631578878228
1.345,-0.0481570178781652,0.2743578398026483
1.35,-0.0467793840406855,0.276685313934177
1.355,-0.0453902811738349,0.2789450073825775
1.36,-0.0439900495088129,0.2811363637620789
1.365,-0.042579032331005,0.2832588432009694
1.37,-0.0411575759799816,0.2853119223415974
1.375,-0.0397260275290586,0.2872950960724649
1.38,-0.038284736339518,0.2892078741245883
1.385,-0.0368340575594485,0.2910497798498191
1.39,-0.0353743480623218,0.2928203550323681
1.395,-0.0339059664112682,0.2945191599235099
1.4,-0.0324292728590762,0.2961457732415836
1.405,-0.0309446293481932,0.297699792171992
1.41,-0.0294523995107252,0.2991808323672021
1.415,-0.0279529486684364,0.3005885279467453
1.42,-0.0264466438327499,0.3019225314972165
1.425,-0.0249338537047472,0.303182514072275
1.43,-0.0234149486751684,0.3043681651926442
1.435,-0.021890300824412,0.3054791928461117
1.44,-0.0203602839225354,0.3065153234875287
1.445,-0.0188252734292542,0.307476302038811
1.45,-0.0172856461503857,0.3083618916323957
1.455,-0.0157417782408684,0.3091718711364484
1.46,-0.0141940492372758,0.3099060382203226
1.465,-0.0126428397148485,0.310564209997588
1.47,-0.011088530630221,0.3111462227372039
1.475,-0.0095315033214215,0.3116519318635195
1.48,-0.0079721395078718,0.3120812119562732
1.485,-0.0064108212903875,0.3124339567505933
1.49,-0.0048479311511781,0.3127100791369977
1.495,-0.0032838519538466,0.3129095111613938
1.5,-0.0017189669433899,0.3130322040250787
1.505,-0.0001536597461984,0.3130781280847391
1.51,0.0014116856299431,0.3130472728524514
1.515,0.0029766858418578,0.3129396462989091
1.52,0.0045409576181009,0.3127552740713412
1.525,0.0061041159509739,0.3124942014115978
1.53,0.0076657766114883,0.312156492592244
1.535,0.0092255561944818,0.3117422308971556
1.54,0.0107830721186171,0.3112515186215197
1.545,0.0123379426263823,0.3106844770718341
1.55,0.0138897867840915,0.3100412465659079
1.555,0.0154382244818837,0.3093219864328611
1.56,0.0169828764337237,0.3085268750131248
1.565,0.0185233641774017,0.307656109658441
1.57,0.0200593100745334,0.3067099067318628
1.575,0.0215903374120544,0.3056885014867569
1.58,0.0231160720844774,0.3045921454500634
1.585,0.0246361392237512,0.3034211097336078
1.59,0.0261501649056585,0.302175684533653
1.595,0.0276577772116821,0.3008561781043963
1.6,0.0291586062290056,0.2994629167579682
1.605,0.0306522840505124,0.2979962448644336
1.61,0.0321384447747867,0.2964565248517906
1.615,0.0336167245061127,0.2948441372059717
1.62,0.0350867613544753,0.2931594804708427
1.625,0.0365481954355596,0.2914029712482037
1.63,0.0380006688707509,0.2895750441977883
1.635,0.039443825787135,0.287676152037264
1.64,0.0408773127249423,0.2857067648171754
1.645,0.0423007801320345,0.2836673662788737
1.65,0.0437138778259665,0.2815584614045434
1.655,0.0451162581446587,0.2793805724464707
1.66,0.0465075766025759,0.2771342378989938
1.665,0.0478874918907272,0.2748200124985041
1.67,0.0492556658766663,0.2724384672234455
1.675,0.0506117636044909,0.2699901892943142
1.68,0.0519554532948433,0.2674757821736596
1.685,0.0532864063449103,0.2648958655660832
1.69,0.0546042973284227,0.2622510754182396
1.695,0.055908803995656,0.2595420639188357
1.7,0.0571996072734298,0.2567694994986314
1.705,0.0584763912651084,0.2539340668304388
1.71,0.0597388435378121,0.2510364659755513
1.715,0.0609866569492745,0.2480774055747502
1.72,0.062219524758528,0.2450576162772103
1.725,0.0634371435656692,0.2419778446577953
1.73,0.0646392142461416,0.238838850737802
1.735,0.0658254419507348,0.2356414079849583
1.74,0.0669955361055852,0.2323863033134247
1.745,0.0681492104121757,0.2290743370837933
1.75,0.0692861828473355,0.2257063231030887
1.755,0.0704061756632407,0.2222830886247667
1.76,0.0715089153874135,0.2188054743487161
1.765,0.072594132822723,0.2152743344212569
1.77,0.0736615630473845,0.2116905364351416
1.775,0.0747109454149601,0.2080549614295543
1.78,0.0757420235543582,0.2043685038901117
1.785,0.0767545455169186,0.2006320710090631
1.79,0.077748265348231,0.196846572776079
1.795,0.0787229390364959,0.1930129401904204
1.8,0.0796783267242157,0.1891321185777443
1.805,0.0806141937339829,0.1852050630600735
1.81,0.0815303105684799,0.1812327385557952
1.815,0.0824264529104787,0.177216119779663
1.82,0.0833024016228417,0.1731561912427947
1.825,0.0841579427485207,0.1690539472526742
1.83,0.0849928675105577,0.1649103919131501
1.835,0.0858069723120844,0.1607265391244368
1.84,0.0866000587363226,0.1565034125831135
1.845,0.0873719335465839,0.1522420457821253
1.85,0.0881224086862697,0.1479434820107817
1.855,0.0888513012788713,0.1436087743547586
1.86,0.0895584336279701,0.139238985696096
1.865,0.0902436334883414,0.1348351851840979
1.87,0.0909067339007821,0.1303984428204887
1.875,0.0915475716976495,0.1259298492841006
1.88,0.092165989348004,0.1214305022897067
1.885,0.0927618351004649,0.1169015051828235
1.89,0.0933349629832109,0.112343966939709
1.895,0.0938852328039797,0.1077590021673645
1.9,0.0944125101500681,0.103147731103533
1.905,0.0949166663883321,0.0985112796167006
1.91,0.0953975786651869,0.0938507792060952
1.915,0.0958551299066066,0.0891673670016878
1.92,0.0962892088181248,0.0844621857641914
1.925,0.0966997098848339,0.0797363838850614
1.93,0.0970865333713856,0.0749911153864961
1.935,0.0974495853219908,0.0702275399214357
1.94,0.0977887775474832,0.0654468226138375
1.945,0.0981040268786727,0.0606501276648835
1.95,0.0983952556738961,0.0558386273070788
1.955,0.0986623924763227,0.0510134995921986
1.96,0.0989053718308444,0.0461759243417686
1.965,0.099124134284076,0.0413270831470629
1.97,0.0993186263843552,0.0364681593691057
1.975,0.0994888006817422,0.0316003381386699
1.98,0.0996346157280204,0.0267248063562787
1.985,0.0997560360766958,0.0218427526922038
1.99,0.0998530322829972,0.0169553675864672
1.995,0.0999255809038764,0.0120638432488391
2.0,0.0999736644980078,0.0071693736588405
2.005,0.0999972714434628,0.002273151452083
2.01,0.0999963956997729,-0.002623629725912
2.015,0.0999710373022758,-0.0075197710418725
2.02,0.0999212022914456,-0.0124140753191946
2.025,0.0998469027102783,-0.0173053471188978
2.03,0.0997481566042915,-0.0221923927396254
2.035,0.0996249880215246,-0.027074020217643
2.04,0.0994774270125389,-0.0319490393268408
2.045,0.0993055096304175,-0.0368162615787323
2.05,0.099109277930765,-0.0416745002224545
2.055,0.0988887799717081,-0.0465225702447683
2.06,0.098644069813895,-0.0513592883700568
2.065,0.0983752073640942,-0.0561834742359624
2.07,0.0980822578317806,-0.0609939523782252
2.075,0.097765292728621,-0.0657895449781905
2.08,0.097424389436598,-0.0705690785576095
2.085,0.0970596311302342,-0.0753313847433845
2.09,0.0966711067765922,-0.0800753002675668
2.095,0.096258911135275,-0.0847996669673578
2.1,0.0958231447584256,-0.0895033317851071
2.105,0.0953639139907273,-0.0941851467683152
2.11,0.0948813309694033,-0.0988439690696316
2.115,0.0943755136242171,-0.1034786609468559
2.12,0.0938465856774726,-0.108088089762936
2.125,0.0932946761865891,-0.1126711311535303
2.13,0.0927199194984456,-0.1172266668891428
2.135,0.0921224563185308,-0.1217535782602416
2.14,0.09150243274934,-0.1262507548973001
2.145,0.0908600002647065,-0.1307170949769563
2.15,0.0901953157098025,-0.1351515052220118
2.155,0.0895085413011383,-0.139552900901432
2.16,0.0887998446265629,-0.1439202058303452
2.165,0.0880693986452637,-0.1482523523700443
2.17,0.0873173816877663,-0.1525482814279856
2.1750000000000003,0.0865439774559348,-0.1568069424577896
2.18,0.085749375022972,-0.1610272934592391
2.185,0.084933768833419,-0.1652083009782821
2.19,0.0840973583886409,-0.1693489414261697
2.195,0.0832403468237258,-0.1734482054987172
2.2,0.0823629441388551,-0.177505083878094
2.205,0.0814653654161086,-0.181518577294629
2.21,0.0805478303942957,-0.1854876985227183
2.215,0.0796105634689558,-0.1894114723808235
2.22,0.0786537936923579,-0.1932889357314728
2.225,0.0776777547735013,-0.1971191374812593
2.23,0.0766826850781148,-0.2009011385808433
2.235,0.0756688276286573,-0.2046340120249509
2.24,0.0746364301043173,-0.2083168428523744
2.245,0.0735857448410135,-0.2119487281459712
2.25,0.0725170288313943,-0.215528777032666
2.255,0.0714305437248378,-0.2190561106834489
2.26,0.0703265558274521,-0.2225298623133766
2.265,0.0692053340804192,-0.2259491820521163
2.27,0.0680671519288133,-0.2293132298583719
2.275,0.0669122892069254,-0.2326211726387284
2.28,0.0657410293885085,-0.235872192522435
2.285,0.06455365958286,-0.239065486872074
2.29,0.0633504705348212,-0.2422002682835629
2.295,0.0621317566247773,-0.2452757645861529
2.3000000000000003,0.060897815868658,-0.2482912188424297
2.305,0.0596489499179371,-0.2512458893483124
2.31,0.0583854640596324,-0.2541390496330546
2.315,0.0571076672163058,-0.2569699884592445
2.32,0.0558158719460635,-0.2597380098228038
2.325,0.0545103944425555,-0.2624424329529889
2.33,0.0531915545349766,-0.2650825923123895
2.335,0.051859675688065,-0.2676578375969302
2.34,0.0505150839822595,-0.2701675350952007
2.345,0.0491581062208309,-0.2726110685352728
2.35,0.0477890763408076,-0.274987830464224
2.355,0.0464083311420634,-0.2772972303145892
2.36,0.0450162097778107,-0.279538695201346
2.365,0.0436130537546006,-0.2817116699219147
2.37,0.0421992069323233,-0.2838156169561576
2.375,0.040775015524207,-0.2858500164663808
2.38,0.0393408280968192,-0.2878143662973323
2.385,0.0378969955700654,-0.2897081819762037
2.39,0.0364438712171906,-0.291530996712628
2.395,0.0349818106647779,-0.2932823613986823
2.4,0.0335111718927492,-0.2949618446088856
2.405,0.032032315234365,-0.2965690326002
2.41,0.0305456033762248,-0.2981035293120301
2.415,0.0290514013582666,-0.2995649563662232
2.42,0.0275500740804647,-0.3009529535049556
2.4250000000000003,0.0260419886151322,-0.3022671759463153
2.43,0.0245275166141313,-0.3035072956896653
2.435,0.0230070306799892,-0.3046730037480138
2.44,0.0214809043579778,-0.3057640101512097
2.445,0.0199495121361133,-0.3067800439459422
2.45,0.0184132294451561,-0.3077208531957414
2.455,0.0168724326586116,-0.3085862049809774
2.46,0.0153274990927291,-0.3093758853988612
2.465,0.0137788070065025,-0.3100896995634443
2.47,0.0122267356016699,-0.3107274716056189
2.475,0.0106716650227141,-0.3112890446731173
2.48,0.0091139763568622,-0.3117742809305128
2.485,0.0075540516340855,-0.312183061559219
2.49,0.0059922738271,-0.3125152867574901
2.495,0.0044290250470346,-0.3127708741725379
2.5,0.0028646881819952,-0.3129497584449198
2.505,0.0012996484949427,-0.3130518943379546
2.51,-0.0002657091597925,-0.3130772557991393
2.515,-0.0018310003438881,-0.313025835955766
2.52,-0.00339584103503,-0.3128976471149219
2.525,-0.0049598476269124,-0.3126927207634891
2.53,-0.0065226369292376,-0.3124111075681449
2.535,-0.0080838261677159,-0.3120528773753617
2.54,-0.009643032984066,-0.3116181192114068
2.545,-0.0111998754360147,-0.3111069412823428
2.5500000000000003,-0.0127539719972972,-0.310519470974027
2.555,-0.0143049415576563,-0.3098558548521122
2.56,-0.0158524036510313,-0.3091162583267016
2.565,-0.0173959798593083,-0.3083008627100632
2.57,-0.0189352906780767,-0.3074098695486245
2.575,-0.0204699576266797,-0.3064434995227535
2.58,-0.0219996038473096,-0.3054019917595181
2.585,-0.0235238541050084,-0.3042856038326852
2.59,-0.0250423347876672,-0.3030946117627215
2.595,-0.0265546739060268,-0.3018293100167934
2.6,-0.0280605010936768,-0.3004900115087666
2.605,-0.0295594476070563,-0.2990770475992066
2.61,-0.0310511463254541,-0.2975907680953784
2.615,-0.0325352317510079,-0.2960315412512461
2.62,-0.0340113400373984,-0.2943997537277885
2.625,-0.0354791109149856,-0.2926958074574957
2.63,-0.0369381842235973,-0.2909201234677108
2.635,-0.0383882008273046,-0.2890731418848837
2.64,-0.0398288043814097,-0.2871553197877409
2.645,-0.0412596413324465,-0.2851671312072851
2.65,-0.0426803609181803,-0.2831090671267954
2.655,-0.0440906151676078,-0.2809816354818272
2.66,-0.0454900589009569,-0.2787853611602126
2.665,-0.0468783497296871,-0.27652078600206
2.67,-0.0482551480564894,-0.274188468799754
2.6750000000000003,-0.0496201170752862,-0.2717889852979557
2.68,-0.050972922771231,-0.2693229281936029
2.685,-0.052313233920709,-0.2667909071359095
2.69,-0.0536407224618818,-0.2641935477874409
2.695,-0.0549550651735416,-0.2615314862881704
2.7,-0.0562559388055837,-0.2588053807935968
2.705,-0.057543023254295,-0.2560159056980923
2.71,-0.0588160023431993,-0.2531637498720414
2.715,-0.0600745638230576,-0.2502496166618415
2.72,-0.0613183993718676,-0.2472742238899026
2.725,-0.0625472045948639,-0.2442383038546484
2.73,-0.063760679024518,-0.2411426033305148
2.735,-0.0649585261205383,-0.2379878835679506
2.74,-0.0661404532698705,-0.234774920293417
2.745,-0.0673061717866964,-0.2315045037093894
2.75,-0.0684553969124354,-0.2281774384943548
2.755,-0.0695878478157435,-0.2247945438028135
2.76,-0.0707032475925139,-0.2213566532652782
2.765,-0.0718013239924376,-0.2178646118217189
2.77,-0.0728818097438628,-0.2143192715066798
2.775,-0.0739444388499362,-0.2107215076319945
2.78,-0.0749889499573938,-0.2070722076122521
2.785,-0.0760150866227175,-0.2033722699444889
2.79,-0.0770225973121355,-0.1996226042081857
2.795,-0.0780112354016222,-0.1958241310652697
2.8000000000000003,-0.0789807591768981,-0.1919777822601136
2.805,-0.0799309318334298,-0.1880845006195368
2.81,-0.08086152147643,-0.1841452400528038
2.815,-0.0817723011208577,-0.180160965551625
2.82,-0.0826630486914181,-0.1761326531901572
2.825,-0.0835335470225623,-0.1720612901250019
2.83,-0.0843835838584875,-0.1679478745952083
2.835,-0.0852129518531375,-0.16379341592227
2.84,-0.0860214485821644,-0.1595989344154099
2.845,-0.0868088775678319,-0.1553654510426221
2.85,-0.0875750458836437,-0.1510940019099409
2.855,-0.0883197649702224,-0.1467856384912022
2.86,-0.089042851888042,-0.1424414192966901
2.865,-0.0897441293174273,-0.138062409873136
2.87,-0.0904234255585547,-0.1336496828037197
2.875,-0.0910805745314516,-0.1292043177080676
2.88,-0.0917154157759967,-0.124727401242254
2.885,-0.0923277944519202,-0.1202200270988002
2.89,-0.092917561338803,-0.1156832960066765
2.895,-0.0934845728360777,-0.1111183157312994
2.9,-0.0940286909630279,-0.1065262010745335
2.905,-0.0945497833587886,-0.1019080738746902
2.91,-0.0950477232823459,-0.0972650630065302
2.915,-0.0955223896125371,-0.09259830438126
2.92,-0.0959736667911357,-0.0879089395945014
2.9250000000000003,-0.0964014441802439,-0.083198109462958
2.93,-0.0968056166526101,-0.0784669679325548
2.935,-0.097186085054196,-0.073716673977071
2.94,-0.0975427561839091,-0.0689483896446329
2.945,-0.0978755427936028,-0.0641632800577138
2.95,-0.0981843635880762,-0.0593625134131335
2.955,-0.0984691432250743,-0.0545472609820602
2.96,-0.0987298123152878,-0.0497186971100077
2.965,-0.0989663074223535,-0.0448779992168371
2.97,-0.0991785710628538,-0.0400263477967562
2.975,-0.099366551706317,-0.0351649264183209
2.98,-0.0995302037752172,-0.0302949217244328
2.985,-0.0996694875928776,-0.0254175228652641
2.99,-0.0997843688398313,-0.0205339180113961
2.995,-0.0998748191895291,-0.0156453013464426
3.0,-0.099940816407232,-0.0107528680903153
3.005,-0.0999823442762126,-0.0058578131499463
3.01,-0.0999993925977555,-0.0009613311192876
3.015,-0.0999919571911573,0.0039353837206874
3.02,-0.0999600398937263,0.0088311374019865
3.025,-0.099903648560783,0.0137247362695964
3.03,-0.0998227970656594,0.0186149869814845
3.035,-0.0997175052996997,0.0235006965085964
3.04,-0.099587799143958,0.0283806724489265
3.045,-0.0994337100799685,0.0332537257345335
3.0500000000000003,-0.099255275618847,0.0381186649679942
3.055,-0.0990525392752677,0.0429743006764941
3.06,-0.0988255504786361,0.0478194467588798
3.065,-0.0985743645730895,0.0526529204856569
3.0700000000000003,-0.0982990428174967,0.0574735424989912
3.075,-0.0979996523854583,0.0622801368127067
3.08,-0.0976762663653063,0.0670715308122882
3.085,-0.0973289637601044,0.0718465552548797
3.09,-0.0969578294876479,0.076604044269285
3.095,-0.0965629541679953,0.0813428376081338
3.1,-0.0961444339428773,0.0860617801344938
3.105,-0.0957023711498239,0.0907597149496743
3.11,-0.0952368737890115,0.0954354914467642
3.115,-0.0947480554960081,0.100087965656991
3.12,-0.094236035541773,0.1047160002497196
3.125,-0.0937009388326568,0.1093184645324542
3.13,-0.0931428959104018,0.1138942344508372
3.135,-0.0925620429521412,0.1184421925886498
3.14,-0.0919585217704003,0.1229612281678105
3.145,-0.0913324798130951,0.1274502370483771
3.15,-0.0906840701635336,0.1319081217285457
3.155,-0.0900134515034544,0.1363337915580795
3.16,-0.0893207868918369,0.1407261687353538
3.165,-0.0886062455619774,0.1450841761959745
3.17,-0.0878700025433862,0.1494067424112503
3.1750000000000003,-0.0871122379507528,0.1536928059993384
3.18,-0.0863331369839465,0.1579413157252427
3.185,-0.0855328899280155,0.1621512305008164
3.19,-0.0847116921531875,0.1663215193847602
3.1950000000000003,-0.0838697441148697,0.1704511615826234
3.2,-0.0830072513536487,0.1745391464468022
3.205,-0.0821244244952902,0.1785844734765417
3.21,-0.0812214792507395,0.182586152317935
3.215,-0.0802986364161212,0.1865432027639229
3.22,-0.0793561218727393,0.1904546547542949
3.225,-0.078394166443594,0.1943195488694057
3.23,-0.0774130037522687,0.1981369425399335
3.235,-0.0764128740309713,0.2019058955935003
3.24,-0.0753940227552773,0.2056254775417194
3.245,-0.0743566996311801,0.2092947714502634
3.25,-0.0733011585950903,0.2129128739388654
3.255,-0.0722276578138366,0.2164788951813184
3.26,-0.0711364596846654,0.2199919589054753
3.265,-0.070027830835241,0.2234512023932482
3.27,-0.0689020421236452,0.2268557764806099
3.275,-0.0677593686383776,0.2302048455575927
3.28,-0.0666000896983555,0.2334975875682894
3.285,-0.0654244888529143,0.2367331940108514
3.29,-0.0642328538818067,0.2399108699374912
3.295,-0.0630254767952034,0.2430298339544807
3.3000000000000003,-0.0618026535360374,0.2460893188261128
3.305,-0.0605646810145047,0.2490885762778529
3.31,-0.0593118629860734,0.2520268639821102
3.315,-0.0580445075403475,0.2549034532103286
3.3200000000000003,-0.0567629258470995,0.2577176316972274
3.325,-0.0554674321562711,0.2604687036407996
3.33,-0.0541583437979723,0.2631559897023143
3.335,-0.0528359811824816,0.2657788270063151
3.34,-0.0515006678002467,0.2683365691406206
3.345,-0.0501527302218834,0.2708285861563242
3.35,-0.0487924980981769,0.2732542645677941
3.355,-0.0474203041600804,0.2756130073526738
3.36,-0.0460364842187161,0.2779042339518815
3.365,-0.0446413771653747,0.2801273802696105
3.37,-0.0432353249715161,0.2822818986733284
3.375,-0.0418186726887682,0.2843672579937786
3.38,-0.0403917668095713,0.286382944839048
3.385,-0.0389549548760527,0.2883284619712297
3.39,-0.0375085908594393,0.2902033246591929
3.395,-0.0360530306514642,0.2920070664036928
3.4,-0.0345886318622826,0.2937392391444962
3.405,-0.0331157538204717,0.2953994132603821
3.41,-0.0316347575730312,0.2969871775691413
3.415,-0.0301460058853824,0.2985021393275769
3.42,-0.0286498632413691,0.2999439242315039
3.4250000000000003,-0.0271466958432566,0.3013121764157495
3.43,-0.0256368716117332,0.3026065584541525
3.435,-0.0241207601859086,0.3038267513595643
3.44,-0.0225987329233148,0.3049724545838478
3.4450000000000003,-0.0210711628999059,0.3060433860178786
3.45,-0.0195384249100582,0.3070392819915435
3.455,-0.0180008953267684,0.3079598971800176
3.46,-0.0164589498331446,0.3088050022696332
3.465,-0.0149129671566223,0.3095743860190545
3.47,-0.0133633275341407,0.3102678567381565
3.475,-0.011810411610842,0.3108852418873611
3.48,-0.0102546004400702,0.3114263880776373
3.485,-0.0086962754833718,0.3118911610705009
3.49,-0.0071358186104957,0.3122794457780149
3.495,-0.0055736120993934,0.3125911462627891
3.5,-0.0040100386362187,0.3128261857379805
3.505,-0.0024454813153277,0.3129845065672928
3.51,-0.0008803236392788,0.3130660702649769
3.515,0.0006850504811667,0.3130708574958308
3.52,0.0022502573490498,0.3129988677009397
3.525,0.0038149141292043,0.3128501177573006
3.53,0.0053786357764373,0.3126246439864078
3.535,0.0069410378081833,0.3123225018219307
3.54,0.0085017365434532,0.3119437657202368
3.545,0.0100603491028337,0.3114885291603915
3.5500000000000003,0.0116164934084878,0.3109569046441585
3.555,0.0131697881841539,0.3103490236959992
3.56,0.0147198529551471,0.3096650368630733
3.565,0.0162663080483582,0.3089051137152382
3.5700000000000003,0.0178087745922543,0.3080694428450495
3.575,0.019346874516878,0.3071582318677611
3.58,0.02088023055387,0.3061717074213
3.585,0.0224084676784753,0.3051101131357938
3.59,0.0239312111474323,0.3039737108329143
3.595,0.0254480862399948,0.3027627822256497
3.6,0.0269587202201403,0.3014776271086429
3.605,0.028462742336571,0.3001185633581916
3.61,0.0299597838227128,0.2986859269322479
3.615,0.0314494778967162,0.2971800718704182
3.62,0.032931459761455,0.2956013702939644
3.625,0.0344053666045277,0.2939502124058024
3.63,0.0358708375982568,0.2922270064905028
3.635,0.0373275138996889,0.2904321789142908
3.64,0.0387750386505945,0.2885661741250467
3.645,0.0402130570912913,0.2866294544578437
3.65,0.0416412186016743,0.2846224959621672
3.655,0.0430591723982298,0.282545794791136
3.66,0.0444665694945315,0.2803998654351791
3.665,0.0458630640599213,0.2781852386681542
3.67,0.0472483134195087,0.2759024615473482
3.675,0.0486219780541711,0.2735520974134768
3.68,0.0499837216005536,0.2711347258906856
3.685,0.0513332108510691,0.2686509428865484
3.69,0.0526701157538986,0.2661013605920685
3.695,0.0539941094129909,0.2634866074816778
3.7,0.0553048680880621,0.2608073283132382
3.705,0.0566020711945968,0.2580641841280398
3.71,0.057885401303847,0.2552578522508023
3.715,0.0591545442074926,0.2523890261038644
3.72,0.060409191048733,0.2494584081063678
3.725,0.0616490340377018,0.2464667203332033
3.73,0.0628737679433507,0.2434147027421566
3.735,0.0640830917915648,0.2403031087958982
3.74,0.0652767088651625,0.2371327054619827
3.745,0.0664543267038956,0.2339042732128501
3.75,0.0676156571044494,0.230618606025824
3.755,0.0687604161204425,0.2272765113831128
3.76,0.0698883240624273,0.223878810271809
3.765,0.0709991054978888,0.2204263371838906
3.77,0.0720924892512463,0.2169199401162191
3.775,0.0731682084038519,0.2133604805705408
3.78,0.0742260002939915,0.2097488335534862
3.785,0.0752656065168842,0.2060858875765711
3.79,0.0762867729457742,0.2023725445539996
3.795,0.0772892513958598,0.1986097103211289
3.8,0.0782727962838991,0.1947983079392961
3.805,0.0792371654801145,0.1909392776712861
3.81,0.0801821220209663,0.1870335696477612
3.815,0.0811074341091517,0.1830821438672623
3.82,0.0820128751136057,0.1790859701962087
3.825,0.0828982235695005,0.1750460283688994
3.83,0.0837632631782457,0.1709633079875107
3.835,0.0846077828074883,0.1668388085220977
3.84,0.0854315764911128,0.1626735393105943
3.845,0.0862344434292412,0.1584685195588123
3.85,0.0870161879882325,0.1542247783404433
3.855,0.0877766197006834,0.1499433545970562
3.86,0.0885155532654281,0.1456252971380989
3.865,0.0892328085475379,0.1412716646408975
3.87,0.0899282107277535,0.1368835238582626
3.875,0.0906015906163438,0.1324619402893765
3.88,0.0912527826480465,0.1280079996506354
3.885,0.0918816266918223,0.123522796495816
3.89,0.0924879683885173,0.1190074310860208
3.895,0.0930716591508635,0.1144630093896752
3.9,0.0936325561634782,0.1098906430825296
3.905,0.0941705223828645,0.1052914495476582
3.91,0.0946854265374108,0.100666551875461
3.915,0.0951771431273913,0.0960170788636612
3.92,0.0956455524249656,0.0913441650173065
3.925,0.0960905404741791,0.0866489505487688
3.93,0.0965119990909625,0.0819325813777458
3.935,0.0969098258631321,0.077196209131258
3.94,0.0972839241503901,0.0724409911436509
3.945,0.0976342030843239,0.0676680904565939
3.95,0.0979605770399439,0.0628786707544118
3.955,0.0982629655731142,0.0580739006292906
3.96,0.0985412944677893,0.0532549568804228
3.965,0.0987954955080324,0.0484230181490754
3.97,0.0990255064778139,0.0435792649157656
3.975,0.0992312711610109,0.0387248795002587
3.98,0.0994127393414076,0.0338610460615692
3.985,0.0995698668026954,0.0289889505979607
3.99,0.0997026153284724,0.0241097809469456
3.995,0.0998109527022438,0.0192247267852866
4.0,0.0998948527074218,0.014334979628994
4.005,0.0999542951273257,0.0094417328333279
4.01,0.0999892656583232,0.004546179884592
4.015,0.0999997555263723,-0.00035048738836
4.0200000000000005,0.0999857619646991,-0.0052470703230447
4.025,0.0999472882287132,-0.0101423712561164
4.03,0.0998843435784318,-0.0150351942052496
4.035,0.0997969432784792,-0.0199243448691348
4.04,0.0996851085980867,-0.0248086306274797
4.045,0.0995488668110933,-0.0296868605410094
4.05,0.0993882511959448,-0.0345578453514658
4.055,0.0992033010356944,-0.039420397481608
4.0600000000000005,0.0989940616180026,-0.0442733310352132
4.065,0.0987605842351369,-0.0491154617970732
4.07,0.0985029261446726,-0.0539456075470783
4.075,0.0982211498995607,-0.0587625918839814
4.08,0.0979153241683091,-0.0635652364373963
4.085,0.0975855236285266,-0.0683523656624415
4.09,0.0972318287551785,-0.073122809063785
4.095,0.0968543258205871,-0.077875401195645
4.1,0.0964531068944309,-0.0826089816617892
4.105,0.096028269843745,-0.0873223951155363
4.11,0.0955799183329217,-0.0920144912597522
4.115,0.0951081618237093,-0.0966841248468551
4.12,0.0946131155752129,-0.1013301556788123
4.125,0.0940949006438943,-0.105951448607141
4.13,0.093553643668571,-0.1105468750990561
4.135,0.0929894762572122,-0.1151153158501287
4.14,0.0924025364565286,-0.1196556495800254
4.1450000000000005,0.0917929678328404,-0.1241667623292002
4.15,0.0911609193332418,-0.1286475486248281
4.155,0.0905065452856007,-0.1330969114808098
4.16,0.089830005398559,-0.1375137623977685
4.165,0.0891314647615324,-0.1418970213630509
4.17,0.0884110938447104,-0.146245616850727
4.175,0.0876690684990565,-0.1505584858215901
4.18,0.0869055699563081,-0.1548345737231568
4.1850000000000005,0.086120784828976,-0.1590728344896678
4.19,0.0853149051103457,-0.1632722305420852
4.195,0.0844881280913007,-0.1674317331497905
4.2,0.0836406546554114,-0.1715503287329155
4.205,0.0827726920843495,-0.1756270051484045
4.21,0.0818844532115767,-0.1796607579765531
4.215,0.0809761555418932,-0.1836505947841774
4.22,0.0800480212514368,-0.1875955351246143
4.225,0.0791002771876837,-0.191494610537721
4.23,0.0781331548694475,-0.1953468645498762
4.235,0.0771468904868808,-0.1991513526739771
4.24,0.0761417249014733,-0.2029071424094436
4.245,0.0751179036460531,-0.2066133132422152
4.25,0.0740756769247864,-0.2102689566447524
4.255,0.0730152996131772,-0.213873176076036
4.26,0.0719370312580675,-0.2174250869815676
4.265,0.0708411360776377,-0.2209238167933692
4.2700000000000005,0.0697278817283738,-0.2243685080110253
4.275,0.0685975389405609,-0.2277583170306265
4.28,0.0674503855716706,-0.2310924045478328
4.285,0.066286703284666,-0.2343699460201493
4.29,0.0651067773976734,-0.2375901320894935
4.295,0.0639108968839827,-0.2407521685821951
4.3,0.0626993543720467,-0.2438552765089961
4.305,0.0614724461454818,-0.2468986920650507
4.3100000000000005,0.0602304721430673,-0.2498816666299258
4.315,0.0589737359587465,-0.2528034667675992
4.32,0.0577025448416254,-0.2556633742264621
4.325,0.0564172096959734,-0.258460685939318
4.33,0.0551180450812233,-0.2611947140233821
4.335,0.0538053692119711,-0.2638647857802822
4.34,0.0524795039579762,-0.2664702436960582
4.345,0.0511407743907341,-0.269010446075803
4.3500000000000005,0.0497895056839977,-0.2714847700897277
4.355,0.0484260298439423,-0.2738926015186537
4.36,0.0470506824127585,-0.2762333419062601
4.365,0.0456638013091425,-0.2785064104458665
4.37,0.044265726828296,-0.2807112439804331
4.375,0.0428568016419261,-0.2828472970025613
4.38,0.0414373707982452,-0.2849140416544929
4.385,0.0400077817219712,-0.286910967728111
4.39,0.0385683842143274,-0.288837582664939
4.3950000000000005,0.0371195304530421,-0.2906934115561418
4.4,0.0356615749923499,-0.2924779971425242
4.405,0.03419487476299,-0.2941908998145325
4.41,0.0327197890722074,-0.2958316976122537
4.415,0.0312366796037521,-0.2973999862254155
4.42,0.02974591041788,-0.2988953789933867
4.425,0.0282478463878934,-0.3003175072802248
4.43,0.0267428528150933,-0.301666018728412
4.4350000000000005,0.0252313005393495,-0.3029405767670461
4.44,0.0237135615647612,-0.3041408637376854
4.445,0.022190008862018,-0.3052665809863301
4.45,0.0206610163684017,-0.3063174488634216
4.455,0.0191269589877856,-0.3072932067238428
4.46,0.0175882125906344,-0.3081936129269178
4.465,0.0160451540140048,-0.3090184448364123
4.47,0.0144981610615446,-0.3097674988205334
4.4750000000000005,0.0129476125034935,-0.3104405902519294
4.48,0.0113938880766831,-0.3110375535076902
4.485,0.0098373684845361,-0.311558241969347
4.49,0.0082784353970671,-0.3120025280228725
4.495,0.0067174714508819,-0.3123703030586807
4.5,0.0051548591683743,-0.3126614766173447
4.505,0.0035909805007464,-0.3128759744923561
4.51,0.0020262205781871,-0.3130137424702349
4.515,0.0004609643150843,-0.3130747456156268
4.5200000000000005,-0.0011044037686103,-0.3130589681786604
4.525,-0.0026694995473803,-0.312966413594948
4.53,-0.0042339392901461,-0.3127971044855852
4.535,-0.0057973396602637,-0.3125510826571511
4.54,-0.0073593177155252,-0.3122284091017081
4.545,-0.0089194909081586,-0.311829163996802
4.55,-0.010477477084828,-0.311353446705462
4.555,-0.0120328944866334,-0.3108013757762006
4.5600000000000005,-0.0135853617491112,-0.3101730889430139
4.565,-0.0151344979342867,-0.3094687430807579
4.57,-0.0166799241051573,-0.3086885114092819
4.575,-0.018221260804565,-0.3078325861620766
4.58,-0.019758128924236,-0.3069011793907722
4.585,-0.0212901509574147,-0.3058945216126075
4.59,-0.0228169509988638,-0.3048128618104299
4.595,-0.0243381547448638,-0.303656467432696
4.6000000000000005,-0.0258533894932141,-0.3024256243934703
4.605,-0.027362284143231,-0.3011206370724273
4.61,-0.0288644691957502,-0.2997418283148492
4.615,-0.0303595767531251,-0.2982895394316274
4.62,-0.0318472405192272,-0.2967641301992618
4.625,-0.0333270957994462,-0.2951659788598613
4.63,-0.0347987808727907,-0.2934954800111358
4.635,-0.0362619355138473,-0.2917530454389787
4.64,-0.0377161994685373,-0.2899391071791851
4.6450000000000005,-0.0391612152327631,-0.2880541142822603
4.65,-0.0405966280717895,-0.2860985327877608
4.655,-0.0420220860202455,-0.2840728457242922
4.66,-0.0434372398821227,-0.2819775531095109
4.665,-0.0448417432307765,-0.2798131719501235
4.67,-0.0462352524089252,-0.2775802362418867
4.675,-0.0476174265286507,-0.2752792969696076
4.68,-0.0489879274713978,-0.2729109221071437
4.6850000000000005,-0.0503464198879751,-0.2704756966174019
4.69,-0.0516925711985538,-0.2679742224523411
4.695,-0.0530260517036163,-0.2654071182812612
4.7,-0.054346536723735,-0.262775013325527
4.705,-0.0556537020517032,-0.2600785571802073
4.71,-0.0569472259207604,-0.2573184171857918
4.715,-0.0582267904712151,-0.2544952752138212
4.72,-0.0594920817504448,-0.251609827666888
4.7250000000000005,-0.0607427897128962,-0.2486627854786354
4.73,-0.0619786082200844,-0.2456548741137598
4.735,-0.0631992350405941,-0.2425868335680074
4.74,-0.0644043718500789,-0.2394594183681763
4.745,-0.0655937242312613,-0.236273397572116
4.75,-0.066767001673933,-0.2330295547687277
4.755,-0.0679239175749546,-0.2297286880779638
4.76,-0.0690641892382556,-0.2263716101508283
4.765,-0.0701875378748348,-0.2229591481693764
4.7700000000000005,-0.0712936889947948,-0.2194921421973242
4.775,-0.072382373699842,-0.2159714375840574
4.78,-0.0734533242352428,-0.212397902639232
4.785,-0.074506277111042,-0.20877241916434
4.79,-0.0755409737308507,-0.2050958801137525
4.795,-0.0765571603918456,-0.2013691895947194
4.8,-0.0775545882847698,-0.1975932628673702
4.805,-0.0785330134939323,-0.193769026344713
4.8100000000000005,-0.0794921969972082,-0.1898974175926347
4.815,-0.0804319046660384,-0.1859793853299031
4.82,-0.0813519072654301,-0.1820158894281631
4.825,-0.0822519804539566,-0.1780079009119395
4.83,-0.0831319047837568,-0.173956401958636
4.835,-0.0839914657005362,-0.1698623858985357
4.84,-0.0848304535435659,-0.1657268572148005
4.845,-0.0856486635456832,-0.1615508315434716
4.8500000000000005,-0.0864458966628338,-0.1573353279130823
4.855,-0.0872219580791684,-0.1530813749758251
4.86,-0.0879766567414112,-0.1487900202899026
4.865,-0.0887098071996806,-0.1444623185761262
4.87,-0.0894212296137724,-0.1400993316705568
4.875,-0.0901107497531602,-0.1357021285245048
4.88,-0.0907781989969956,-0.1312717852045297
4.885,-0.0914234143341075,-0.1268093848924409
4.89,-0.092046238363003,-0.122316017885297
4.8950000000000005,-0.0926465192918667,-0.117792781595405
4.9,-0.0932241109385608,-0.1132407805503243
4.905,-0.0937788727306254,-0.1086611263928607
4.91,-0.0943106697052786,-0.1040549378810708
4.915,-0.0948193725094158,-0.0994233408882602
4.92,-0.0953048573996104,-0.0947674684029841
4.925,-0.0957670062243703,-0.0900884600071036
4.93,-0.0962057058653309,-0.085387454201031
4.9350000000000005,-0.0966208484901539,-0.0806656013692793
4.94,-0.0970123322239209,-0.0759240585933687
4.945,-0.0973800611409056,-0.0711639861040587
4.95,-0.0977239452645743,-0.0663865472813519
4.955,-0.0980439005675854,-0.0615929086544931
4.96,-0.0983398489717895,-0.0567842399019692
4.965,-0.0986117183482294,-0.0519617138515093
4.97,-0.0988594425171404,-0.0471265064800847
4.9750000000000005,-0.09908296124795,-0.042279796913908
4.98,-0.0992822202592776,-0.0374227674284366
4.985,-0.0994571712189354,-0.0325566034483675
4.99,-0.0996077717329657,-0.0276824934199625
4.995,-0.099733984845152,-0.0228016249204226
5.0,-0.0998357793957906,-0.0179151905703142
5.005,-0.0999131303693339,-0.0130243853401932
5.01,-0.0999660187682463,-0.0081304039662485
5.015,-0.0999944316130049,-0.0032344409503012
5.0200000000000005,-0.0999983619420992,0.0016623094401954
5.025,-0.0999778088120308,0.0065586531721534
5.03,-0.099932777297314,0.0114533964468546
5.035,-0.0998632784904753,0.0163453456999472
5.04,-0.0997693295020538,0.021233307601447
5.045,-0.0996509534539806,0.0261160891390343
5.05,-0.0995081791336382,0.0309925005856586
5.055,-0.0993410412501946,0.0358613503915346
5.0600000000000005,-0.0991495805609278,0.0407214478886487
5.065,-0.0989338437425982,0.0455716057094393
5.07,-0.0986938833914485,0.0504106397868017
5.075,-0.0984297580232036,0.0552373693540845
5.08,-0.0981415320730709,0.0600506169450911
5.085,-0.0978292758957399,0.0648492083940787
5.09,-0.0974930657653825,0.0696319728357593
5.095,-0.0971329838756529,0.074397742705299
5.1000000000000005,-0.0967491182424848,0.0791453548077439
5.105,-0.0963415622744408,0.0838736531816524
5.11,-0.0959104155831993,0.0885814792619377
5.115,-0.0954557835230774,0.0932676797480727
5.12,-0.0949777770915997,0.0979311079109877
5.125,-0.0944765129294984,0.1025706235930704
5.13,-0.0939521133207133,0.107185093208166
5.135,-0.093404706192392,0.1117733897415775
5.14,-0.0928344251148896,0.1163343927500652
5.1450000000000005,-0.0922414093017688,0.1208669883618478
5.15,-0.0916258036098004,0.125370069276599
5.155,-0.0909877585389622,0.1298425347654527
5.16,-0.09032743023244,0.1342832906709992
5.165,-0.0896449795285108,0.138691254368221
5.17,-0.0889405727963728,0.1430653475751187
5.175,-0.0882143826283035,0.1474044945586466
5.18,-0.0874665867155185,0.1517076296628424
5.1850000000000005,-0.0866973678479095,0.1559736973103989
5.19,-0.0859069139140452,0.1602016520026599
5.195,-0.0850954179011699,0.1643904583196257
5.2,-0.0842630778952043,0.1685390909199493
5.205,-0.0834100970807455,0.1726465345409377
5.21,-0.0825366837410669,0.1767117839985518
5.215,-0.081643051258118,0.1807338441874061
5.22,-0.0807294181125248,0.1847117300807689
5.2250000000000005,-0.0797960078835892,0.1886444667305633
5.23,-0.0788430492320808,0.1925310893284056
5.235,-0.0778707738983465,0.1963706494555094
5.24,-0.0768794194068817,0.2001622036741482
5.245,-0.0758692291424144,0.2039048157227938
5.25,-0.0748404507395813,0.2075975628312632
5.255,-0.0737933360829287,0.2112395357207187
5.26,-0.0727281413069119,0.2148298386036676
5.265,-0.0716451267958953,0.2183675891839624
5.2700000000000005,-0.0705445571841523,0.2218519186568013
5.275,-0.0694267013558662,0.2252819717087262
5.28,-0.0682918324451285,0.2286569065176254
5.285,-0.0671402278359405,0.2319758947527322
5.29,-0.0659721691622124,0.2352381215746249
5.295,-0.0647879423077636,0.238442785635227
5.3,-0.0635878374063226,0.2415890990778071
5.305,-0.0623721487651673,0.2446762876971256
5.3100000000000005,-0.0611411718316247,0.2477035963688684
5.315,-0.059895207997869,0.2506702774245432
5.32,-0.0586345637468467,0.2535755949459754
5.325,-0.0573595486663933,0.256418829429418
5.33,-0.0560704754492332,0.2591992777855522
5.335,-0.0547676598929799,0.2619162533394873
5.34,-0.0534514209001356,0.2645690858307605
5.345,-0.0521220804780916,0.2671571214133375
5.3500000000000005,-0.0507799637391276,0.2696797226556122
5.355,-0.0494253989004131,0.2721362685404055
5.36,-0.0480587172840059,0.2745261544649676
5.365,-0.0466802533168527,0.2768487922409764
5.37,-0.0452903445307894,0.279103610094538
5.375,-0.0438893315625405,0.2812900526661866
5.38,-0.0424775581537196,0.2834075810108843
5.385,-0.041055370128061,0.285455673476621
5.39,-0.0396231133884392,0.2874338258077089
5.3950000000000005,-0.0381811405429273,0.2893415454087215
5.4,-0.0367298064930283,0.29117835750459
5.405,-0.0352694678861074,0.2929438057320068
5.41,-0.0338004831153926,0.2946374521394239
5.415,-0.0323232123199747,0.2962588771870534
5.42,-0.0308380173848076,0.2978076797468674
5.425,-0.0293452619407077,0.2992834771025979
5.43,-0.0278453113643544,0.300685904949737
5.4350000000000005,-0.0263385327782896,0.3020146173955373
5.44,-0.0248252950509187,0.3032692869590103
5.445,-0.0233059687965093,0.3044496045709286
5.45,-0.0217809263751919,0.3055552795738243
5.455,-0.0202505418929599,0.3065860397219898
5.46,-0.0187151911823945,0.30754163117008
5.465,-0.0171752496536641,0.3084218165685581
5.47,-0.0156310950311794,0.3092263757840288
5.4750000000000005,-0.0140831072033028,0.3099551083247457
5.48,-0.0125316664922523,0.3106078328444842
5.485,-0.0109771536541003,0.3111843871425415
5.49,-0.0094199498787741,0.3116846281637367
5.495,-0.0078604367900562,0.3121084319984109
5.5,-0.0062989964455839,0.3124556938824263
5.505,-0.0047360113368494,0.3127263281971676
5.51,-0.0031718643891998,0.3129202684695411
5.515,-0.0016069389618374,0.3130374673719745
5.5200000000000005,-4.1618847818985366e-05,0.3130778967224177
5.525,0.0015237120094464,0.3130415473321763
5.53,0.0030886710136644,0.3129284274737742
5.535,0.0046528732877963,0.3127385645022473
5.54,0.0062159341058167,0.3124720050070308
5.545,0.0077774695219152,0.3121288146109041
5.55,0.0093370963704975,0.311709077969991
5.555,0.0108944322661845,0.3112128987737592
5.5600000000000005,0.0124490956038133,0.310640399745021
5.565,0.0140007055584355,0.3099917226399329
5.57,0.0155488820853192,0.3092670282479955
5.575,0.0170932459199478,0.3084664963920538
5.58,0.0186334185780203,0.307590325928297
5.585,0.0201690223554513,0.3066387347462586
5.59,0.0216996811498139,0.3056119586661906
5.595,0.0232250203991729,0.3045102503126706
5.6000000000000005,0.0247446647059412,0.3033338827852105
5.605,0.0262582405267746,0.302083147406636
5.61,0.0277653762828674,0.3007583536039825
5.615,0.0292657023599516,0.299359828908496
5.62,0.0307588511082969,0.2978879189556329
5.625,0.0322444568427109,0.2963429874850599
5.63,0.0337221558425389,0.2947254163406544
5.635,0.035191586351664,0.2930356054705037
5.64,0.036652388578507,0.2912739729269059
5.6450000000000005,0.038104204696027,0.2894409548663689
5.65,0.0395466788418795,0.2875370055493503
5.655,0.0409794588979208,0.2855625939832835
5.66,0.0424021938308298,0.2835182070467339
5.665,0.0438145333382739,0.2814043514507122
5.67,0.0452161302536582,0.2792215502292016
5.675,0.0466066405461253,0.2769703427391584
5.68,0.047985723320555,0.2746512846605111
5.6850000000000005,0.049353040817565,0.2722649479961607
5.69,0.0507082584135099,0.2698119210719822
5.695,0.0520510446204823,0.2672928085368217
5.7,0.053381071086312,0.2647082313624987
5.705,0.0546980125945665,0.2620588268438054
5.71,0.0560015470645505,0.2593452485985062
5.715,0.0572913555513064,0.2565681665673387
5.72,0.058567122245614,0.2537282670140129
5.7250000000000005,0.0598285361820664,0.2508262471424741
5.73,0.0610752888453982,0.2478628197477744
5.735,0.0623070731828767,0.2448387181406912
5.74,0.0635235863781625,0.2417546892005484
5.745,0.0647245298540581,0.2386114933675791
5.75,0.0659096092725077,0.2354099046429254
5.755,0.0670785345345972,0.2321507105886386
5.76,0.0682310197805545,0.2288347123276788
5.765,0.0693667833897492,0.2254627245439157
5.7700000000000005,0.0704855479806927,0.222035575482127
5.775,0.0715870404110378,0.2185541069480017
5.78,0.0726709917775796,0.2150191743081358
5.785,0.0737371374162549,0.2114316464900351
5.79,0.0747852169021421,0.2077924059821146
5.795,0.0758149740494615,0.2041023488336984
5.8,0.076826158166245,0.2003623778697937
5.805,0.077818522330282,0.1965734074339991
5.8100000000000005,0.0787918221582605,0.1927363726352911
5.815,0.0797458184056556,0.1888522185846766
5.82,0.080680276980745,0.1849219003297447
5.825,0.081594968944608,0.1809463828546695
5.83,0.0824896705111261,0.1769266410802096
5.835,0.0833641630469827,0.1728636598637081
5.84,0.0842182330716632,0.1687584339990922
5.845,0.0850516722574551,0.1646119682168738
5.8500000000000005,0.085864277429448,0.1604252771841481
5.855,0.0866558505655331,0.1561993855045972
5.86,0.0874261987964038,0.1519353277184854
5.865,0.0881751344055558,0.1476341483026618
5.87,0.0889024748292864,0.1432969016705602
5.875,0.089608042708911,0.1389246515925787
5.88,0.0902916665247057,0.134518460252837
5.885,0.0909531784405289,0.1300794074825342
5.89,0.0915924157280358,0.1256085846453274
5.8950000000000005,0.0922092214232677,0.1211070888859431
5.9,0.0928034443266508,0.1165760231301809
5.905,0.0933749390029975,0.1120164960849083
5.91,0.0939235657815056,0.107429622238064
5.915,0.0944491907557585,0.1028165218586572
5.92,0.0949516857837253,0.0981783209967675
5.925,0.0954309284877606,0.093516151483545
5.93,0.0958868022546047,0.0888311509312101
5.9350000000000005,0.0963191962353835,0.0841244627330531
5.94,0.0967280053456084,0.0793972360634368
5.945,0.0971131302651765,0.0746506258777924
5.95,0.0974744774383705,0.0698857929126221
5.955,0.0978119587669771,0.0651039004689692
5.96,0.0981254910803232,0.060306113534622
5.965,0.0984149973865099,0.0554936073376389
5.97,0.0986804067096898,0.0506675593043299
5.9750000000000005,0.0989216540720848,0.045829148767358
5.98,0.0991386804939859,0.0409795569657419
5.985,0.0993314329937533,0.0361199670448515
5.99,0.0994998645878165,0.0312515640564108
5.995,0.0996439342906741,0.0263755349584976
6.0,0.0997636071148939,0.021493068615543
6.005,0.0998588540711131,0.0166053557983314
6.01,0.0999296521680376,0.0117135891840011
6.015000000000001,0.0999759843837718,0.0068189626924784
6.0200000000000005,0.0999978392634667,0.001922667125979
6.025,0.0999952112308447,-0.0029740997679926
6.03,0.0999681007551223,-0.0078701398701694
6.035,0.099916514312084,-0.0127642566874599
6.04,0.0998404643840827,-0.0176552553529487
6.045,0.0997399694600399,-0.0225419426258964
6.05,0.0996150540354452,-0.0274231268917396
6.055,0.0994657486123566,-0.0322976181620906
6.0600000000000005,0.0992920896994006,-0.0371642280747388
6.065,0.0990941198117719,-0.0420217698936468
6.07,0.0988718874712337,-0.0468690585089556
6.075,0.0986254472061128,-0.0517049104370195
6.08,0.0983548590437087,-0.0565281471569699
6.085,0.0980601887407817,-0.0613375907246587
6.09,0.097741508267791,-0.0661320635600495
6.095,0.097398895397174,-0.0709103930786369
6.1000000000000005,0.0970324337033459,-0.0756714116914474
6.105,0.0966422125627001,-0.0804139568050356
6.11,0.0962283271536077,-0.0851368708214898
6.115,0.095790878456418,-0.0898390011384281
6.12,0.0953299732534581,-0.0945192001489998
6.125,0.0948457241290333,-0.0991763252418848
6.13,0.0943382494694268,-0.103809238801294
6.135,0.0938076734008292,-0.1084168086824644
6.140000000000001,0.0932541249481037,-0.1129979133476052
6.1450000000000005,0.0926777393974049,-0.1175514299111911
6.15,0.0920786577738694,-0.1220762408549148
6.155,0.0914570264925129,-0.1265712370893399
6.16,0.09081299735823,-0.1310353179539019
6.165,0.0901467275657946,-0.1354673912169079
6.17,0.0894583796998595,-0.1398663730755369
6.175,0.0887481217349565,-0.1442311881558396
6.18,0.0880161270354967,-0.1485607695127384
6.1850000000000005,0.0872625743557699,-0.1528540586300284
6.19,0.0864876478399453,-0.1571100054203739
6.195,0.085691537022071,-0.1613275682253136
6.2,0.0848744368260155,-0.1655057138155211
6.205,0.0840365461792606,-0.1696434229062241
6.21,0.0831780694439749,-0.1737396816606074
6.215,0.0822992171979642,-0.1777934805367438
6.22,0.0814002047045094,-0.181803821923122
6.2250000000000005,0.080481251912366,-0.1857697201386466
6.23,0.0795425834557649,-0.189690201432636
6.235,0.0785844286544116,-0.193564303984826
6.24,0.0776070215134862,-0.1973910779053675
6.245,0.0766106007236442,-0.2011695852348267
6.25,0.0755954096610158,-0.2048988999441856
6.255,0.0745616963872058,-0.2085781079348415
6.26,0.0735097136492944,-0.2122063070386076
6.265000000000001,0.0724397188798361,-0.2157826070177131
6.2700000000000005,0.0713519741968611,-0.2193061295648007
6.275,0.0702467457824287,-0.2227760099128592
6.28,0.069124302001278,-0.2261914001002249
6.285,0.0679849184925614,-0.2295514553345609
6.29,0.066828875099189,-0.232855344424872
6.295,0.0656564553382607,-0.2361022513167454
6.3,0.0644679464010663,-0.2392913750923517
6.305,0.0632636391530853,-0.2424219299704438
6.3100000000000005,0.0620438281339871,-0.2454931453063585
6.315,0.0608088115576311,-0.2485042655920133
6.32,0.0595588913120663,-0.2514545504559105
6.325,0.0582943729595315,-0.2543432746631345
6.33,0.0570155657364554,-0.2571697281153527
6.335,0.0557227825534566,-0.2599332158508152
6.34,0.0544163399953432,-0.2626330580443551
6.345,0.0530965583211136,-0.2652685900073881
6.3500000000000005,0.0517637613607654,-0.2678391623393262
6.355,0.0504182731206082,-0.2703441449675012
6.36,0.0490604233445595,-0.2727829175465943
6.365,0.0476905463065011,-0.275154873747049
6.37,0.0463089786793371,-0.2774594248567029
6.375,0.0449160595349945,-0.2796959997807877
6.38,0.0435121303444226,-0.281864045041929
6.385,0.0420975349775932,-0.2839630247801468
6.390000000000001,0.0406726197035005,-0.2859924207528552
6.3950000000000005,0.0392377331901619,-0.2879517323348617
6.4,0.0377932265046166,-0.2898404765183686
6.405,0.0363394531129264,-0.2916581879129721
6.41,0.034876768880176,-0.2934044187456625
6.415,0.0334055320704723,-0.295078738860824
6.42,0.0319261033469449,-0.2966807357202352
6.425,0.0304388457717458,-0.2982100144030684
6.43,0.02894412398485,-0.2996661978564838
6.4350000000000005,0.0274423019067157,-0.3010489261454759
6.44,0.0259337492682042,-0.3023578543098053
6.445,0.0244188374631394,-0.3035926560263158
6.45,0.0228979388751679,-0.3047530239638918
6.455,0.0213714268777592,-0.3058386697834577
6.46,0.0198396758342055,-0.3068493241379784
6.465,0.0183030610976217,-0.3077847366724594
6.47,0.0167619590109452,-0.3086446760239466
6.4750000000000005,0.0152167469069361,-0.3094289298215263
6.48,0.0136678031081777,-0.310137304686325
6.485,0.0121155069270755,-0.31076962623151
6.49,0.0105602386658577,-0.311325739062289
6.495,0.0090023796165753,-0.3118055067759098
6.5,0.0074423120611021,-0.312208811961661
6.505,0.0058804188759601,-0.3125355557291526
6.51,0.0043170819975096,-0.3127856548584268
6.515000000000001,0.002752685875383,-0.3129590462214143
6.5200000000000005,0.001187615120365,-0.3130556862461499
6.525,-0.0003777459519828,-0.3130755505255714
6.53,-0.0019430133213208,-0.3130186338175199
6.535,-0.0035078032625316,-0.3128849500447393
6.54,-0.0050717323457198,-0.3126745322948767
6.545,-0.0066344174362123,-0.3123874328204824
6.55,-0.0081954756945584,-0.3120237230390096
6.555,-0.0097545245765294,-0.3115834935328147
6.5600000000000005,-0.0113111818331191,-0.311066854049157
6.565,-0.0128650656140564,-0.3104739334000827
6.57,-0.0144157958872881,-0.3098048775344656
6.575,-0.0159629916211311,-0.3090598517442854
6.58,-0.0175062723888842,-0.3082390405272888
6.585,-0.019045259203334,-0.3073426469810392
6.59,-0.0205795745167543,-0.3063708928029161
6.595,-0.0221088422209068,-0.3053240182901156
6.6000000000000005,-0.0236326876470407,-0.30420228233965
6.605,-0.025150737565892,-0.3030059624483485
6.61,-0.026662620187685,-0.3017353547128563
6.615,-0.0281679651621314,-0.3003907738296352
6.62,-0.0296664035784304,-0.2989725530949634
6.625,-0.0311575681123748,-0.2974810442188869
6.63,-0.0326410948591627,-0.2959166144303292
6.635,-0.0341166192616227,-0.2942796509195587
6.640000000000001,-0.035583778260129,-0.2925705593485679
6.6450000000000005,-0.0370422113964664,-0.2907897626389911
6.65,-0.0384915608138315,-0.2889377009721034
6.655,-0.0399314712568317,-0.2870148317888217
6.66,-0.0413615900714858,-0.2850216297897043
6.665,-0.0427815672052235,-0.2829585869349507
6.67,-0.0441910552068858,-0.2808262124444022
6.675,-0.0455897092267248,-0.2786250327975411
6.68,-0.0469771870164039,-0.2763555917334914
6.6850000000000005,-0.0483531489289975,-0.2740184502510182
6.69,-0.049717257918991,-0.271614186608529
6.695,-0.0510691807384694,-0.2691433933959545
6.7,-0.0524085872652581,-0.2666066772466373
6.705,-0.0537351476288447,-0.2640046664877125
6.71,-0.0550485356157725,-0.2613380045910622
6.715,-0.0563484287633485,-0.2586073499708425
6.72,-0.0576345083596429,-0.2558133759834839
6.7250000000000005,-0.0589064594434898,-0.2529567709276905
6.73,-0.0601639708044858,-0.2500382380444417
6.735,-0.0614067349829919,-0.2470584955169902
6.74,-0.062634448270132,-0.2440182764708629
6.745,-0.0638468107077937,-0.2409183289738611
6.75,-0.0650435260886279,-0.2377594160360602
6.755,-0.066224301956049,-0.2345423156098097
6.76,-0.0673888496042347,-0.2312678205897334
6.765000000000001,-0.0685368841345558,-0.2279367386011737
6.7700000000000005,-0.0696681264321977,-0.2245498833526068
6.775,-0.0707822990907304,-0.2211080877978416
6.78,-0.0718791278238925,-0.2176122020906292
6.785,-0.0729583431118453,-0.2140630880697036
6.79,-0.0740196802011736,-0.2104616192587817
6.795,-0.0750628791048855,-0.2068086808665632
6.8,-0.0760876846024119,-0.2031051697867309
6.805,-0.0770938462396072,-0.1993519945979503
6.8100000000000005,-0.0780811183287492,-0.1955500755638692
6.815,-0.0790492599485381,-0.1917003446331206
6.82,-0.0799980349440981,-0.187803745439318
6.825,-0.0809272119269763,-0.1838612333010587
6.83,-0.0818365642751429,-0.1798737752219228
6.835,-0.0827258701329914,-0.1758423498904735
6.84,-0.0835949124113386,-0.1717679476802568
6.845,-0.0844434793761798,-0.1676515660632616
6.8500000000000005,-0.0852713643131554,-0.1634942069989861
6.855,-0.086078363421155,-0.1592968944797349
6.86,-0.0868642783059897,-0.1550606609969779
6.865,-0.0876289161010877,-0.1507865467591606
6.87,-0.0883720894674935,-0.1464755996917035
6.875,-0.0890936165938683,-0.1421288754370024
6.88,-0.0897933211964902,-0.1377474373544279
6.885,-0.0904710325192537,-0.1333323565203258
6.890000000000001,-0.0911265853336703,-0.1288847117280159
6.8950000000000005,-0.0917598199388677,-0.1244055894877959
6.9,-0.0923705821615905,-0.1198960840269357
6.905,-0.0929587233562002,-0.1153572972896814
6.91,-0.0935241004046746,-0.1107903389372539
6.915,-0.0940665757166084,-0.1061963263478493
6.92,-0.0945860172291784,-0.101576384611418
6.925,-0.0950822981562663,-0.0969316395808884
6.93,-0.095555296609432,-0.0922632253959609
6.9350000000000005,-0.0960048964478572,-0.0875722870504166
6.94,-0.0964309874475142,-0.082859973265177
6.945,-0.096833465301167,-0.0781274364882988
6.95,-0.0972122316183703,-0.0733758328949771
6.955,-0.0975671939254701,-0.0686063223875448
6.96,-0.0978982656656035,-0.0638200685954722
6.965,-0.0982053661986986,-0.0590182388753676
6.97,-0.0984884208014747,-0.0542020043109769
6.9750000000000005,-0.0987473606674422,-0.0493725397131825
6.98,-0.0989821229069026,-0.0445310236200075
6.985,-0.0991926505469484,-0.0396786382966098
6.99,-0.0993788923873666,-0.0348165682695606
6.995,-0.0995408025205539,-0.0299459984679075
7.0,-0.0996783411593315,-0.0250681205203774
7.005,-0.0997914745645056,-0.0201841268250597
7.01,-0.0998801750157487,-0.0152952100693398
7.015000000000001,-0.0999444208116002,-0.0104025632298983
7.0200000000000005,-0.0999841962694656,-0.0055073795727142
7.025,-0.0999994917256172,-0.0006108526530601
7.03,-0.0999903035351937,0.0042858236844947
7.035,-0.0999566340722003,0.0091814553060849
7.04,-0.0998984917295086,0.0140748477885492
7.045,-0.099815890867161,0.0189648071626153
7.05,-0.0997088514622121,0.0238501423016285
7.055,-0.0995773995400377,0.0287296582472987
7.0600000000000005,-0.0994215671160373,0.0336021619330926
7.065,-0.0992413921518961,0.0384664631740252
7.07,-0.0990369185555842,0.0433213746666655
7.075,-0.0988081961813575,0.0481657119891326
7.08,-0.0985552808297572,0.0529982936010968
7.085,-0.0982782342476098,0.0578179408437794
7.09,-0.0979771241280275,0.0626234779399529
7.095,-0.0976520241104075,0.0674137319939408
7.1000000000000005,-0.0973030137361377,0.0721875334562232
7.105,-0.0969301779086583,0.0769437201914693
7.11,-0.0965336076635714,0.0816811278564936
7.115,-0.0961133999014861,0.0863985959988797
7.12,-0.0956696572095053,0.0910949703535243
7.125,-0.0952024878612258,0.0957691028426373
7.13,-0.0947120058167382,0.1004198515757417
7.135,-0.0941983307226269,0.1050460808496737
7.140000000000001,-0.0936615879119702,0.1096466611485837
7.1450000000000005,-0.0931019084043405,0.1142204691439326
7.15,-0.0925194289058036,0.1187663876944971
7.155,-0.0919142918089194,0.1232833058463662
7.16,-0.0912866451927415,0.1277701188329422
7.165,-0.0906366419209427,0.132225733082296
7.17,-0.0899644404778136,0.1366490587005034
7.175,-0.089270205521777,0.1410390083240711
7.18,-0.0885541068858223,0.1453945042728542
7.1850000000000005,-0.0878163195775047,0.1497144785500588
7.19,-0.087057023778946,0.1539978728422385
7.195,-0.086276404846834,0.1582436385192991
7.2,-0.0854746533124226,0.1624507366344959
7.205,-0.0846519648815319,0.1666181379244339
7.21,-0.0838085404345483,0.1707448228090682
7.215,-0.082944586026424,0.1748297813917038
7.22,-0.082060312886678,0.1788720134589956
7.225,-0.0811559374193947,0.1828705284809495
7.23,-0.0802316810982873,0.1868243459972286
7.235,-0.0792877684393673,0.1907325019752353
7.24,-0.078324430431218,0.1945940347236292
7.245,-0.0773419034646813,0.1984079914187569
7.25,-0.07634042829112,0.2021734323618553
7.255,-0.0753202500224175,0.2058894309790522
7.26,-0.0742816181309779,0.2095550738213657
7.265000000000001,-0.0732247864497261,0.2131694605647053
7.27,-0.0721500131721082,0.2167317040098689
7.275,-0.0710575608520905,0.2202409300825472
7.28,-0.0699476964041604,0.2236962778333205
7.285,-0.068820691103326,0.22709689943766
7.29,-0.0676768205851161,0.2304419601959272
7.295,-0.0665163648455804,0.2337306385333742
7.3,-0.0653396082412892,0.2369621260001439
7.305,-0.0641468390408095,0.2401356282429828
7.31,-0.0629383468156834,0.243250369279185
7.315,-0.0617144282777229,0.246305578033185
7.32,-0.0604753842935361,0.2493004973425568
7.325,-0.0592215189760667,0.2522343861697725
7.33,-0.057953139684594,0.2551065196022025
7.335,-0.056670557024733,0.2579161888521163
7.34,-0.0553740848484342,0.260662701256682
7.345,-0.0540640402539835,0.2633453802779663
7.35,-0.0527407435860023,0.2659635655029351
7.355,-0.0514045184354485,0.2685166126434514
7.36,-0.0500556916396143,0.2710038935362787
7.365,-0.0486945932821284,0.2734247961430783
7.37,-0.0473215566929544,0.2757787245504104
7.375,-0.045936918448392,0.2780650989697339
7.38,-0.0445410183710761,0.2802833557374063
7.385,-0.0431341972594308,0.282432949385559
7.390000000000001,-0.0417167983027937,0.2845133491005526
7.395,-0.0402891707219465,0.2865240367301072
7.4,-0.0388516656838002,0.2884645123193619
7.405,-0.0374046362595646,0.2903342941585254
7.41,-0.0359484374247475,0.2921329187828758
7.415,-0.0344834260591552,0.2938599409727611
7.42,-0.0330099609468924,0.2955149337535989
7.425,-0.031528402776362,0.2970974883958767
7.43,-0.0300391141402654,0.2986072144151516
7.435,-0.0285424595356021,0.3000437395720507
7.44,-0.0270388053636705,0.3014067098722701
7.445,-0.0255285199300668,0.3026957895665764
7.45,-0.0240119734446856,0.3039106611508057
7.455,-0.0224895380217202,0.3050510253658636
7.46,-0.0209615874508023,0.3061166010820598
7.465,-0.0194284948574786,0.3071071231981312
7.47,-0.0178906369441625,0.3080223444619438
7.475,-0.0163483919582729,0.3088620369342629
7.48,-0.0148021387306415,0.3096259917845645
7.485,-0.0132522566755123,0.3103140192910363
7.49,-0.0116991257905414,0.3109259488405771
7.495,-0.0101431266567979,0.3114616289287968
7.5,-0.0085846404387631,0.3119209271600167
7.505,-0.007024048884331,0.3123037302472691
7.51,-0.0054617343248079,0.3126099440122978
7.515000000000001,-0.0038980796749124,0.3128394933855576
7.52,-0.0023334684327764,0.3129923224062146
7.525,-0.0007682843805198,0.3130683940841236
7.53,0.000797090026951,0.3130676888959612
7.535,0.0023622697792736,0.3129902062237926
7.54,0.003926869849305,0.3128359647058793
7.545,0.0054905058642831,0.3126050020710145
7.55,0.0070527941058265,0.3122973751385231
7.555,0.0086133515099344,0.3119131598182614
7.56,0.0101717956669867,0.3114524511106174
7.565,0.0117277448217436,0.3109153631065111
7.57,0.0132808178733464,0.3103020289873935
7.575,0.0148306343753168,0.3096126010252479
7.58,0.0163768145355573,0.3088472505825888
7.585,0.017918979216351,0.3080061681124623
7.59,0.0194567503137189,0.3070895626573168
7.595,0.0209897518691022,0.306097659446981
7.6,0.0225176067986155,0.3050307040911394
7.605,0.0240399394393024,0.3038889608770551
7.61,0.0255563759729012,0.3026727123247686
7.615,0.0270665444258437,0.3013822591870991
7.62,0.0285700746692556,0.3000179204496439
7.625,0.0300665984189562,0.2985800333307787
7.63,0.0315557492354587,0.2970689532816574
7.635,0.03303716252397,0.2954850539862121
7.640000000000001,0.0345104755343911,0.2938287273611531
7.645,0.035975327361316,0.2921003835559695
7.65,0.0374313589440332,0.290300450952928
7.655,0.0388782145569467,0.2884293735509345
7.66,0.0403155400527532,0.286487612405399
7.665,0.041742981509553,0.2844756488968817
7.67,0.0431601880097356,0.2823939809762412
7.675,0.0445668116517774,0.2802431231466625
7.68,0.045962507550241,0.2780236064636577
7.685,0.0473469338357758,0.2757359785350652
7.69,0.048719751655117,0.2733808035210512
7.695,0.0500806251710869,0.2709586621341074
7.7,0.0514292215625943,0.268470151639053
7.705,0.0527652110246344,0.2659158858530335
7.71,0.0540882667682888,0.2632964951455213
7.715,0.0553980650207256,0.2606126264383157
7.72,0.0566942850251996,0.2578649432055424
7.725,0.0579766108735544,0.2550541199634019
7.73,0.0592447287310185,0.2521808477550091
7.735,0.060498326302541,0.2492458377010676
7.74,0.0617370954251374,0.2462498148113422
7.745,0.062960732067891,0.2431935179846549
7.75,0.0641689363319528,0.2400777000088847
7.755,0.0653614124505413,0.2369031275609679
7.76,0.066537868788943,0.2336705812068982
7.765000000000001,0.0676980178445121,0.2303808554017258
7.77,0.0688415762466703,0.2270347584895599
7.775,0.0699682647569071,0.2236331127035652
7.78,0.0710778082687799,0.2201767541659642
7.785,0.0721699358079137,0.2166665328880365
7.79,0.0732443805320013,0.2131033127701191
7.795,0.0743008797334602,0.2094879715897223
7.8,0.0753391764727026,0.2058213925460428
7.805000000000001,0.0763590166703613,0.2021044743691761
7.81,0.0773601492170425,0.1983381344877803
7.815,0.0783423280742883,0.1945233006727559
7.82,0.0793053122745751,0.1906609110372484
7.825,0.0802488659213148,0.1867519140366474
7.83,0.0811727581888541,0.1827972684685874
7.835,0.0820767633224748,0.1787979434729467
7.84,0.0829606606383936,0.1747549185318482
7.845,0.0838242345237624,0.1706691834696592
7.85,0.0846672744366682,0.1665417384529905
7.855,0.0854895749061326,0.1623735939906995
7.86,0.0862909355321127,0.1581657709338857
7.865,0.0870711609855004,0.1539193004758939
7.87,0.0878300610081227,0.1496352241523128
7.875,0.0885674505629621,0.1453145922963927
7.88,0.0892831503424858,0.1409584542044701
7.885,0.0899769844195855,0.1365678795930061
7.890000000000001,0.0906487821555976,0.1321439479215573
7.895,0.091298378629383,0.1276877448696059
7.9,0.0919256146373275,0.1232003623365544
7.905,0.092530336693341,0.1186828984417294
7.91,0.0931123970288583,0.1141364575243804
7.915,0.0936716535928387,0.1095621501436799
7.92,0.0942079700517657,0.1049610930787234
7.925,0.0947212157896477,0.1003344093285295
7.930000000000001,0.0952112659080177,0.095683228112039
7.935,0.0956780012259327,0.0910086848681181
7.94,0.0961213082799747,0.0863119212555536
7.945,0.0965410793242502,0.0815940851530561
7.95,0.0969372123303902,0.0768563306592592
7.955,0.0973096106375139,0.0720998138392055
7.96,0.0976581825661553,0.067325694134438
7.965,0.0979828425380298,0.0625351413489745
7.97,0.0982835109655511,0.0577293277037105
7.975,0.0985601142464569,0.0529094277287516
7.98,0.0988125847638093,0.048076618263417
7.985,0.0990408608859946,0.0432320784562345
7.99,0.0992448869667235,0.0383769897649434
7.995,0.0994246133450308,0.0335125359564943
8.0,0.0995799963452756,0.0286399031070486
8.005,0.0997109982771413,0.0237602796019779
8.01,0.0998175874356355,0.0188748561358683
8.015,0.0998997380922422,0.0139848254461846
8.02,0.0999574301402662,0.0090913770310941
8.025,0.0999906492089337,0.0041957070909654
8.03,0.0999993869801528,-0.0007009860931065
8.035,0.0999836411530932,-0.0055975055334071
8.040000000000001,0.0999434154441869,-0.0104926555355897
8.045,0.0998787195871276,-0.0153852416986814
8.05,0.0997895693328707,-0.0202740709150877
8.055,0.099675986449634,-0.0251579513705805
8.06,0.0995379987228967,-0.0300356925443122
8.065,0.0993756399554003,-0.0349061052088015
8.07,0.099188949967148,-0.0397680014299476
8.075,0.098977974595405,-0.044620194567016
8.08,0.0987427655094472,-0.0494615005128642
8.085,0.0984833796617655,-0.0542907393435621
8.09,0.0981998803468293,-0.0591067289051358
8.095,0.0978923367561156,-0.0639082911070555
8.1,0.097560823910178,-0.0686942525233496
8.105,0.0972054226586467,-0.073463444392619
8.11,0.0968262196802286,-0.0782147026180231
8.115,0.0964233074827067,-0.0829468677672933
8.120000000000001,0.095996784402941,-0.0876587850727215
8.125,0.0955467546068681,-0.0923493044311649
8.13,0.0950733280895008,-0.0970172804040511
8.135,0.0945766206680093,-0.1016615722759827
8.14,0.0940567532622423,-0.1062810491930007
8.145,0.0935138527395992,-0.1108745809037157
8.15,0.0929480519388468,-0.1154410401284857
8.155,0.0923594891431202,-0.1199793076598577
8.16,0.0917483080799216,-0.1244882723625813
8.165000000000001,0.0911146579211216,-0.1289668311735965
8.17,0.0904586932829587,-0.1334138891020395
8.175,0.0897805742260386,-0.1378283592292466
8.18,0.0890804662553355,-0.1422091627087436
8.185,0.0883585403201908,-0.1465552287662584
8.19,0.0876149728143144,-0.1508654946997084
8.195,0.0868499455757832,-0.1551389058792126
8.2,0.0860636458870429,-0.15937441574708
8.205,0.0852562653113263,-0.1635709907210193
8.21,0.0844280006084903,-0.1677276036677529
8.215,0.0835790549157753,-0.1718432305358485
8.22,0.0827096361449244,-0.1759168588391912
8.225,0.0818199569786051,-0.1799474876740714
8.23,0.0809102348704065,-0.1839341277191966
8.235,0.0799806920448419,-0.1878758012356794
8.24,0.0790315554973467,-0.1917715420670495
8.245000000000001,0.07806305699428,-0.1956203956392431
8.25,0.077075433072924,-0.199421418960608
8.255,0.0760689250414829,-0.2031736806219068
8.26,0.0750437789790855,-0.2068762607963082
8.265,0.074000245735782,-0.2105282512393971
8.27,0.0729385809325471,-0.2141287552891643
8.275,0.0718590442510001,-0.2176768897924143
8.28,0.0707618978736004,-0.2211717876196467
8.285,0.0696474112525854,-0.2246125844776428
8.290000000000001,0.0685158580385957,-0.2279984296708149
8.295,0.0673675156723169,-0.2313284873406642
8.3,0.0662026653844782,-0.2346019364657841
8.305,0.0650215921958554,-0.2378179708618524
8.31,0.0638245849172674,-0.2409757991816403
8.315,0.0626119361495797,-0.2440746449150032
8.32,0.061383942283701,-0.2471137463888899
8.325,0.0601409035005865,-0.2500923567673338
8.33,0.0588831237712345,-0.2530097440514612
8.335,0.0576109108566897,-0.2558651910794844
8.34,0.0563245763080414,-0.2586579955267042
8.345,0.0550244354664227,-0.2613874699055136
8.35,0.0537108071962067,-0.2640529419801459
8.355,0.0523840105883302,-0.2666537587525508
8.36,0.0510443712654927,-0.2691892755246567
8.365,0.0496922189042434,-0.2716588623034845
8.370000000000001,0.0483278857183347,-0.2740619065077018
8.375,0.0469517064587207,-0.2763978129676251
8.38,0.0455640184135555,-0.2786660039252228
8.385,0.044165161408197,-0.280865919034109
8.39,0.0427554778052025,-0.2829970153595501
8.395,0.0413353125043332,-0.2850587673784586
8.4,0.0399050129425498,-0.287050666979399
8.405,0.0384649290940166,-0.2889722234625825
8.41,0.0370154134700976,-0.2908229635398716
8.415000000000001,0.0355568211193599,-0.2926024313347763
8.42,0.0340895096275724,-0.2943101883824556
8.425,0.0326138391177039,-0.2959458136297196
8.43,0.0311301710468483,-0.2975089038996826
8.435,0.0296388667802903,-0.2989990727716119
8.44,0.0281402936587332,-0.3004159485154011
8.445,0.0266348205474793,-0.3017591780712685
8.45,0.0251228174453595,-0.3030284272877662
8.455,0.0236046554847287,-0.304223380921784
8.46,0.0220807069314696,-0.3053437426385466
8.465,0.0205513451849914,-0.3063892350116143
8.47,0.0190169447782276,-0.3073595995228849
8.475,0.0174778813776405,-0.3082545965625901
8.48,0.0159345317832161,-0.3090740054292992
8.485,0.0143872739284691,-0.3098176243299161
8.49,0.0128364868804381,-0.310485270379682
8.495000000000001,0.0112825508396897,-0.3110767796021726
8.5,0.0097258471403167,-0.3115920069293001
8.505,0.0081667578546445,-0.312030825717781
8.51,0.0066056642791159,-0.312393124915281
8.515,0.0050429502669642,-0.3126788135439314
8.52,0.0034789999590821,-0.312887820182861
8.525,0.0019141973531855,-0.313020092588668
8.53,0.0003489263038174,-0.3130755976954183
8.535,-0.0012164294776557,-0.3130543216146469
8.540000000000001,-0.0027814864230409,-0.3129562696353572
8.545,-0.0043458611073197,-0.312781466224021
8.55,-0.00590917024865,-0.3125299550245786
8.555,-0.0074710307083624,-0.3122017988584392
8.56,-0.0090310594909642,-0.3117970797244799
8.565,-0.0105888740261421,-0.3113158985323109
8.57,-0.0121440931579757,-0.3107583734709006
8.575000000000001,-0.0136963345001323,-0.3101246423960432
8.58,-0.0152452165450236,-0.3094148621567323
8.585,-0.0167903590529547,-0.3086292083264831
8.59,-0.0183313830521215,-0.3077678752033343
8.595,-0.0198679108386138,-0.3068310758098455
8.6,-0.021399565976412,-0.3058190418930999
8.605,-0.0229259732973909,-0.304732023924702
8.61,-0.0244467589013154,-0.3035702911007796
8.615,-0.0259615501558449,-0.3023341313419815
8.620000000000001,-0.0274699756965295,-0.3010238512934801
8.625,-0.0289716663881144,-0.2996397751496819
8.63,-0.0304662549576769,-0.2981822440528904
8.635,-0.0319533734735572,-0.2966516194213986
8.64,-0.0334326563249899,-0.2950482803048658
8.645,-0.0349037403220306,-0.2933726232805578
8.65,-0.0363662646955602,-0.2916250624533426
8.655,-0.0378198710972809,-0.2898060294556948
8.66,-0.0392642035997202,-0.2879159734476909
8.665000000000001,-0.0406989086962273,-0.2859553611170133
8.67,-0.0421236353009746,-0.2839246766789494
8.675,-0.0435380347489594,-0.2818244218763881
8.68,-0.0449417607960001,-0.2796551159798261
8.685,-0.0463344696187406,-0.2774172957873609
8.69,-0.0477158202743363,-0.2751115146278037
8.695,-0.049085476145153,-0.2727383380284647
8.700000000000001,-0.0504431002502872,-0.270298353333656
8.705,-0.0517883585638673,-0.2677921644512857
8.71,-0.0531209206399528,-0.2652203906512689
8.715,-0.0544404596125305,-0.2625836665655334
8.72,-0.0557466521955184,-0.2598826421880129
8.725,-0.0570391786827623,-0.2571179828746543
8.73,-0.058317722948039,-0.25429036934341
8.735,-0.059581972445053,-0.2514004976742457
8.74,-0.0608316182074402,-0.2484490793091327
8.745000000000001,-0.0620663548487642,-0.2454368410520544
8.75,-0.0632858805625182,-0.2423645250690041
8.755,-0.0644898971221263,-0.2392328888879809
8.76,-0.0656781098813089,-0.2360427053977443
8.765,-0.0668502295662409,-0.2327947559110239
8.77,-0.0680059693821985,-0.2294898376874243
8.775,-0.0691450447186798,-0.2261287676791207
8.78,-0.0702671755892723,-0.2227123750778756
8.785,-0.0713720866316562,-0.2192415013150297
8.790000000000001,-0.0724595071076017,-0.2157170000615102
8.795,-0.0735291709029702,-0.2121397372278269
8.8,-0.074580816527715,-0.208510590964069
8.805,-0.0756141871158794,-0.2048304516599132
8.81,-0.0766290304255989,-0.2011002219446143
8.815,-0.0776250988390989,-0.197320816687015
8.82,-0.0786021493626972,-0.1934931629955353
8.825000000000001,-0.0795599436268017,-0.1896182002181823
8.83,-0.0804982478859112,-0.185696879942546
8.835,-0.0814168330186169,-0.1817301659957948
8.84,-0.0823154750928189,-0.1777190306031578
8.845,-0.0831939553683855,-0.1736644500530127
8.85,-0.0840520576101742,-0.1695674233081661
8.855,-0.0848895708232913,-0.1654289587902745
8.86,-0.0857062894444181,-0.1612500732776674
8.865,-0.0865020133418134,-0.1570317919053355
8.870000000000001,-0.087276547815311,-0.1527751481649409
8.875,-0.0880297035963212,-0.1484811839048131
8.88,-0.0887612968478311,-0.1441509493299437
8.885,-0.089471149164403,-0.1397855030019979
8.89,-0.0901590875721763,-0.1353859118393016
8.895,-0.0908249445288656,-0.130953251116854
8.9,-0.0914685579237628,-0.1264886044663152
8.905,-0.0920897710777347,-0.1219930638760187
8.91,-0.0926884327432256,-0.1174677296909587
8.915000000000001,-0.0932643971042549,-0.1129137106128012
8.92,-0.09381752401636,-0.108332115916214
8.925,-0.0943476780051135,-0.1037240625066439
8.93,-0.0948547286109348,-0.0990906825748912
8.935,-0.0953385512799513,-0.0944331124612585
8.94,-0.0957990273653279,-0.0897524926319058
8.945,-0.0962360441272682,-0.0850499676788375
8.950000000000001,-0.0966494947330137,-0.0803266863199144
8.955,-0.0970392782568441,-0.0755838013988479
8.96,-0.0974052996800779,-0.0708224698851957
8.965,-0.097747469891071,-0.0660438528743731
8.97,-0.0980657056852182,-0.0612491155876397
8.975,-0.0983599297649521,-0.0564394273721131
8.98,-0.0986300707397438,-0.051615961700755
8.985,-0.0988760631261024,-0.0467798961723849
8.99,-0.0990978473475754,-0.0419324125116665
8.995000000000001,-0.0992953692726944,-0.0370746938155521
9.0,-0.0994685798412662,-0.0322079244158094
9.005,-0.0996174365130758,-0.0273332952141516
9.01,-0.0997419027847639,-0.0224519976967782
9.015,-0.099841948171991,-0.0175652237960768
9.02,-0.099917548209437,-0.0126741658906369
9.025,-0.0999686844508016,-0.0077800168052364
9.03,-0.099995344468804,-0.0028839698108549
9.035,-0.0999975218551831,0.0020127813753397
9.04,-0.0999752162206971,0.0069090425899794
9.045,-0.0999284331951244,0.011803619223501
9.05,-0.0998571843687249,0.0166953170791115
9.055,-0.0997614869375941,0.0215829446760744
9.06,-0.099641364151194,0.0264653063727097
9.065,-0.0994968452514564,0.0313412083746831
9.07,-0.0993279654334605,0.0362094596553816
9.075,-0.0991347658454333,0.0410688719559009
9.08,-0.0989172935887494,0.0459182597850511
9.085,-0.0986756017179308,0.0507564404193614
9.09,-0.0984097492406473,0.0555822339030682
9.095,-0.0981198011177162,0.060394463048129
9.1,-0.0978058282631027,0.0651919534342085
9.105,-0.0974679075253876,0.0699735336025713
9.11,-0.097106121139777,0.074738039426157
9.115,-0.096720557376624,0.0794843053289577
9.12,-0.096311310453097,0.0842111686050074
9.125,-0.0958784802839674,0.088917472632503
9.13,-0.0954221724816093,0.0936020668738104
9.135,-0.0949424983560006,0.0982638068754519
9.14,-0.0944395749147217,0.1029015542681203
9.145,-0.0939135248629566,0.1075141767666649
9.15,-0.0933644766034919,0.1121005481701053
9.155,-0.092792564236718,0.1166595483616179
9.16,-0.0921979275606277,0.1211900633085492
9.165,-0.0915807120708174,0.1256909850624042
9.17,-0.0909410681938034,0.130161216132478
9.175,-0.0902791517736321,0.1345996640044258
9.18,-0.0895951249509506,0.1390052376357252
9.185,-0.0888891550650257,0.1433768555326247
9.19,-0.0881614146495184,0.1477134457778502
9.195,-0.0874120814324819,0.1520139460306176
9.2,-0.0866413383363637,0.1562773035266219
9.205,-0.0858493734780043,0.1605024750780417
9.21,-0.0850363801686371,0.1646884270735441
9.215,-0.0842025569138894,0.1688341354782735
9.22,-0.0833481074137812,0.1729385858338645
9.225,-0.0824732405627265,0.177000773258429
9.23,-0.0815781704495317,0.1810197024465688
9.235,-0.0806631162777433,0.1849943879679823
9.24,-0.0797283003689336,0.1889238606994594
9.245,-0.0787739514008662,0.1928071541400001
9.25,-0.0778003035546663,0.1966433101814081
9.255,-0.0768075954011826,0.2004313837404685
9.26,-0.0757960699009892,0.2041704427589378
9.265,-0.0747659744043832,0.207859568203555
9.27,-0.0737175606513876,0.2114978540660308
9.275,-0.072651084771748,0.2150844073630582
9.28,-0.0715668072849358,0.2186183481363022
9.285,-0.0704649931001452,0.2220988094524097
9.29,-0.069345911516296,0.2255249374030011
9.295,-0.0682098362220319,0.2288958911046738
9.3,-0.0670570452957201,0.2322108426990059
9.305,-0.0658878212054536,0.2354689773525477
9.31,-0.0647024503693766,0.2386694942261588
9.315,-0.0635012205601082,0.2418116108219029
9.32,-0.0622844266855463,0.2448945494102433
9.325,-0.061052367845144,0.2479175460598833
9.33,-0.0598053464223757,0.2508798528842949
9.335,-0.0585436680847354,0.253780738041722
9.34,-0.0572676417837403,0.2566194857351733
9.345,-0.0559775797549267,0.2593953962124301
9.35,-0.0546737975178539,0.2621077857660386
9.355,-0.0533566138761007,0.2647559867333179
9.36,-0.0520263509172687,0.2673393474963518
9.365,-0.0506833340129789,0.2698572324819968
9.37,-0.0493278918188748,0.2723090221618751
9.375,-0.0479603562746209,0.2746941130523782
9.38,-0.0465810626039017,0.2770119177146687
9.385,-0.0451903493144247,0.2792618647546746
9.39,-0.04378855587365,0.2814434010130723
9.395,-0.0423760242871447,0.2835559877973072
9.4,-0.0409531025676395,0.2855990989962714
9.405,-0.0395201407088239,0.2875722266564693
9.41,-0.0380774906513135,0.2894748810218367
9.415,-0.036625506282654,0.2913065905337361
9.42,-0.0351645434373194,0.2930669018309593
9.425,-0.0336949598967104,0.2947553797497285
9.43,-0.0322171153891584,0.2963716073236923
9.435,-0.0307313715899208,0.2979151857839307
9.44,-0.0292380921211854,0.2993857345589502
9.445,-0.0277376425520665,0.3007828912746884
9.45,-0.0262303903986082,0.3021063117545099
9.455,-0.0247167051237829,0.3033556700192086
9.46,-0.0231969581374899,0.3045306582870083
9.465,-0.0216715225682176,0.3056309868678178
9.47,-0.0201407708902078,0.3066563821418754
9.475,-0.0186050792223651,0.307606588203535
9.48,-0.0170648252898122,0.3084813684132377
9.485,-0.0155203874417477,0.3092805052278711
9.49,-0.0139721446514415,0.3100038002007717
9.495,-0.0124204765162392,0.3106510739817225
9.5,-0.0108657632575601,0.3112221663169544
9.505,-0.0093083857208953,0.3117169360491462
9.51,-0.0077487253758122,0.3121352611174241
9.515,-0.0061871643159495,0.312477038557362
9.52,-0.004624085259022,0.3127421845009812
9.525,-0.003059871546816,0.3129306341767507
9.53,-0.0014949069264041,0.3130423418165369
9.535,7.0426248830191e-05,0.3130772791885434
9.54,0.0016357430971077,0.3130354367771054
9.545,0.0032006585053881,0.3129168243538835
9.55,0.0047647879804337,0.3127214707951039
9.555,0.0063277476488055,0.3124494240815578
9.56,0.0078891542568682,0.3121007512986018
9.565,0.0094486251707852,0.3116755386361579
9.57,0.0110057783765233,0.3111738913887131
9.575,0.0125602324798486,0.3105959339553201
9.58,0.0141116067063285,0.3099418098395968
9.585,0.0156595209013331,0.3092116816497262
9.59,0.0172035955300314,0.308405731098457
9.595,0.0187434518918524,0.3075241587251273
9.6,0.0202787135814318,0.3065671812105563
9.605,0.0218090031446375,0.3055350352896072
9.61,0.0233339442592462,0.3044279766611575
9.615,0.0248531624145233,0.3032462792908382
9.62,0.0263662849112201,0.301990235411036
9.625,0.0278729408615746,0.300660155520892
9.63,0.0293727611893135,0.2992563683863006
9.635,0.0308653786296483,0.2977792210399126
9.64,0.0323504277292798,0.2962290787811314
9.645,0.0338275448463935,0.2946063251761169
9.65,0.0352963681506642,0.2929113620577815
9.655,0.0367565376232516,0.2911446095257944
9.66,0.0382076963009114,0.2893065038261371
9.665,0.0396494892925934,0.2873974975505305
9.67,0.0410815615688214,0.2854180639855662
9.675,0.0425035610304866,0.2833686931095087
9.68,0.0439151385611849,0.2812498915148317
9.685,0.0453159480272202,0.2790621824082112
9.69,0.0467056462776012,0.2768061056105318
9.695,0.0480838931440447,0.2744822175568812
9.7,0.0494503514409727,0.2720910912965544
9.705,0.0508046869655133,0.2696333164930528
9.71,0.0521465684975027,0.2671094994240805
9.715,0.0534756677994815,0.2645202629815508
9.72,0.0547916596166985,0.2618662466715792
9.725,0.0560942216771074,0.2591481066144905
9.73,0.0573830363615347,0.2563665106269312
9.735,0.058657788474596,0.2535221421084367
9.74,0.0599181640639879,0.2506157051280789
9.745,0.0611638532738767,0.2476479177477675
9.75,0.0623945503503821,0.2446195120080075
9.755,0.063609953641579,0.2415312339278957
9.76,0.0648097655974941,0.2383838435051288
9.765,0.0659936927701094,0.235178114715994
9.77,0.0671614458133589,0.2319148355153782
9.775,0.0683127394831319,0.2285948078367592
9.78,0.0694472926372697,0.2252188475922145
9.785,0.0705648282355689,0.2217877846724119
9.79,0.0716650733397783,0.2183024629466184
9.795,0.0727477591136007,0.2147637402626959
9.8,0.0738126208230704,0.2111724884454451
9.805,0.0748593994302181,0.2075295852270812
9.81,0.0758878388795341,0.2038359232436098
9.815,0.0768976859305131,0.2000924143079452
9.82,0.0778886923902541,0.1962999806869244
9.825,0.0788606151134587,0.1924595551013167
9.83,0.0798132160024317,0.1885720807258196
9.835,0.0807462620070823,0.1846385111890547
9.84,0.0816595251249215,0.1806598105735772
9.845,0.0825527824010653,0.176636953415865
9.85,0.0834258159282313,0.1725709247063301
9.855,0.0842784128467421,0.1684627198893064
9.86,0.085110365344522,0.1643133448630623
9.865,0.0859214706571001,0.1601238159797883
9.87,0.0867115310676078,0.1558951600456075
9.875,0.08748035390678,0.1516284143205714
9.88,0.0882277516991064,0.1473246250674313
9.885,0.088953542728396,0.1429848375540007
9.89,0.0896575486044982,0.1386101174452672
9.895,0.0903395961802193,0.1342015404276074
9.9,0.09099951801218,0.1297601885291953
9.905,0.0916371523608128,0.1252871501200146
9.91,0.0922523431903643,0.1207835199118467
9.915,0.0928449401688938,0.1162503989582812
9.92,0.0934147986682732,0.1116888946547114
9.925,0.0939617797641884,0.1071001207383295
9.93,0.0944857502361375,0.1024851972881378
9.935,0.0949865825674325,0.0978452507249357
9.94,0.0954641549451976,0.0931814138113329
9.945,0.0959183512603709,0.0884948256517361
9.95,0.096349061107703,0.0837866316923606
9.955,0.0967561797857577,0.0790579837212255
9.96,0.0971396077185629,0.0743100376926156
9.965,0.0974992502653718,0.0695439523842469
9.97,0.0978350194385846,0.0647608932537565
9.975,0.0981468331903891,0.0599620288918284
9.98,0.0984346153934545,0.0551485309453859
9.985,0.0986982958409305,0.0503215741176051
9.99,0.0989378102464482,0.0454823361679018
9.995,0.0991531002441193,0.0406319979119428
10.0,0.0993441133885365,0.0357717432216415
